title,link,scraped_text,SEO Analysis
Autopublicación | Amazon Kindle Direct Publishing,https://kdp.amazon.com/es_ES/,"Gane hasta un 50% en Kindle Vella

Consiga el 50% de lo que gastan los lectores en los tokens que emplean para desbloquear los episodios de su historia. También puede recibir una bonificación en función de la actividad y la interacción de los clientes. (Solo disponible para autores estadounidenses que escriban en inglés)","Without the complete text of the article, a thorough summary and SEO examination can't be accurately performed. However, based on the provided segment, here are some general observations:

Keywords: 
The primary keywords in this extract include 'Gane', '50%', 'Kindle Vella', 'autores estadounidenses', 'inglés'. These keywords are relevant to the article's topic and would likely align the piece with searches about earning from Kindle Vella, especially for American authors writing in English. 

Biagrams:
Potential biagrams (two-word phrases) based on this extract could be 'Kindle Vella', '50% de', 'autores estadounidenses', and 'escriban en'. Including these biagrams in the text can help boost its SEO ranking when these particular phrases are searched for. 

Triagrams:
Potential triagrams (three-word phrases) could include 'Gane hasta un', 'en Kindle Vella', 'escriban en inglés'. These could help capture long-tail search queries related to earning from Kindle Vella.

Meta Tags: 
The snippet doesn't provide information about the meta tags used for this article. However, an effective meta tag could be: 'Gane hasta un 50% en Kindle Vella como autores estadounidenses que escriban en inglés.' It includes essential keywords and offers a succinct summary of the article's focus.

Structure:
It's hard to evaluate the structure of the article based on the provided segment. Nonetheless, the information is presented in a direct and easy-to-understand manner.

Content Strategy:
The content seems to be targeting authors interested in earning from Kindle Vella, especially American authors writing in English. This niche focus can improve the article's ranking for relevant searches.

SEO Strengths:
1. Good use of relevant keywords and phrases.
2. Targeted content that caters to a specific audience (authors looking to earn from Kindle Vella).

SEO Weaknesses:
1. Potential over-reliance on specific keywords ('Kindle Vella', '50%'), which might lead to keyword stuffing.
2. Lack of diversity in long-tail keywords, based on the given snippet.

Please note that these are presumptions based on the provided segment and may not accurately reflect the article's overall SEO effectiveness."
Cómo autopublicar un libro | Gratis y online | Bookmundo,https://www.bookmundo.com/es/publica-tu-libro/autopublicar/,"Autopublicación vs. publicar con una editorial

Si todavía no estás seguro de cuál es la diferencia entre estas dos maneras de publicar tu libro (o si simplemente no sabes cuál te conviene más), no te preocupes. No son excluyentes, probar uno no te impedirá probar el otro. Es más, te dará más experiencia y conocimiento.

Esto es lo que puedes esperar de cada uno de los dos métodos de publicación a nivel general:

Publicar con editorial Autopublicación Control sobre el diseño de tu libro No Sí Control sobre el precio de tu libro No Sí Edición del libro No Sí Marketing y promoción del libro* Sí Sí Imprimir y modificar el libro libremente No Sí Control sobre los canales de venta No Sí Control sobre las regalías ** No Sí Revisión de manuscrito y archivos Sí No Agente literario Sí No Costes de impresión y distribución incluidos Sí No

*Aunque algunas editoriales se encargan de la promoción y marketing de algunos de sus libros, se trata de un privilegio reservado normalmente a los bestsellers o a los recién llegados con una buena proyección de ventas. De hecho, en estos momentos, las editoriales tradicionales también se fijan en la capacidad de marketing del propio autor. Por lo tanto, siempre debes prepararte para tener que hacer tu propia promoción, incluso si estás publicando tradicionalmente.

**Por supuesto, es posible que puedas negociar, pero como autor novel, lo más probable es que ganes entre un 3 y un 7% en concepto de derechos de autor/regalías.

Autopublicación vs. publicar con una editorial tradicional: segundo asalto

Nos gusta pensar en la publicación tradicional como si fuese un crucero con todo incluido, mientras que la autoedición es la aventura de tus sueños, en la que tú decides tu destino. Una editorial, como una agencia de viajes, se encargará de todas las cosas que dan miedo, como la edición y la distribución, pero lo hará a tu costa, quedándose con la mayor parte de los beneficios de tus ventas y dejándote poco poder de decisión. Tendrás que renunciar a un montón de libertades, tanto creativas como financieras, y eso si consigues poner un pie en la puerta.

¿A qué nos referimos? Bueno, las editoriales son muy reacias al riesgo, así que la mayoría solo aceptan manuscritos si se envían a través de un agente literario. Los agentes literarios suelen trabajar a comisión, es decir, se llevan un porcentaje de los beneficios. Esto, por supuesto, te deja incluso menos margen.

Por lo tanto, la autopublicación (al igual que planear las vacaciones uno mismo) requiere más esfuerzo. Mientras que nuestra plataforma de publicación se encarga de la impresión, logística y gestión de ventas y pagos; la edición, el diseño de la portada, las ventas y el marketing recaen en ti. Sin embargo, esto te da un control absoluto sobre tu libro. Tú decides qué contiene, qué aspecto tiene, cómo y cuándo se imprime, dónde se vende, cuánto cuesta y cuánto dinero ganas por ejemplar vendido.

Si te gusta la idea de hacerte cargo de tu propio libro, pero no tienes tiempo para asumir algunas de las tareas asociadas a la autopublicación, puedes contratarlas. En nuestra plataforma ofrecemos una amplia gama de servicios de edición asequibles, como corrección ortográfica y de estilo, maquetación en papel y para eBook, y diseño de portadas. Si te interesa, ponte en contacto con nosotros.","The article titled ""Autopublicación vs. publicar con una editorial"" discusses and compares two modes of publishing a book – self-publishing and publishing with a traditional publisher. 

The key points related to SEO practices in the article include:

1. Keywords: The primary keywords evident in this article are 'publicar con editorial' and 'autopublicación'. These terms are most likely the principal search terms that readers will use when searching for this content.

2. Bigrams/Triagrams: Phrases like 'Control sobre el', 'editoriales tradicionales', 'derechos de autor', 'agente literario', 'costes de impresión', and 'autopublicación vs. publicar con una editorial' are used often and could serve as bigrams or trigrams.

3. Structure: The article uses a comparison chart for easy understanding of the difference between the two modes of publishing. Also, subheadings are used to break the text into readable chunks.

4. Meta Tags: Although meta tags are not visible in the document, they would optimally include primary keywords and phrases to ensure SEO optimization.

5. Content Strategy: The content is value-driven and informative, tailored to assist individuals deciding between traditional publishing and self-publishing. It also promotes the platform's services, acting as a soft marketing strategy.

Strengths of SEO Practices in the Article:

- The article uses specific keywords, bigrams, and trigrams frequently, which will help rank it higher in search engine results.

- It provides value-driven, targeted content that answers user queries, thus enhancing its potential to be picked up by search engines.

- Structured content with the use of comparison charts and bullet points, ensuring readability and engagement with readers.

Weaknesses of SEO Practices in the Article:

- The piece does not appear to incorporate meta descriptions, a crucial part of effective SEO.

- The use of internal and external links that can help boost the article's SEO ranking is not evident.

- Lack of interactive elements could reduce user engagement and consequently impact SEO ranking negatively. 

The strategy for making new content, based on this analysis, would involve the use of specific keywords and valuable, relevant information. This approach would also involve improving upon the weaknesses, such as incorporating meta-tags and using internal and external links."
Los 10 errores más comunes al autopublicar un libro - Marketing ...,https://marketingonlineparaescritores.com/errores-autopublicar-libro/,"Los 10 errores más comunes al autopublicar un libro

Creo que Ana González Duque me ha pedido que me encargue yo de este artículo porque no debe conocer a nadie que haya cometido más errores al autopublicar un libro que una servidora.



Caí en casi todos los errores habidos y por haber cuando publiqué por primera vez.

Es una de esas experiencias que vives como una pesadilla.

En cada una de las fases de la autopublicación metí la pata hasta el fondo. ¡En todas, que se dice pronto! Pero ¿sabes qué? Que fue mi mayor aprendizaje.

Todos aquellos errores fueron maestros para que la autopublicación de la segunda novela fuera como la seda.

Yo quiero que a ti también te vaya fetén, así que toma nota de cómo evitar estos errores al autopublicar un libro.

Autopublicar un libro es difícil y caro, si se hace bien

A veces se confunde la autopublicación con la autoedición. No es lo mismo.

Cuando autoeditamos estamos siendo Juan Palomo: nosotros nos lo hacemos todo. Lo corregimos, lo maquetamos y no lo imprimimos porque ya sería alucinante pero, vamos, que algunos autores también lo harían en caso de tener los medios para ello.

Y claro, cuando tú te lo haces todo, el beneficio por libro vendido es mayor, evidentemente. Teniendo en cuenta que el gasto ha sido mínimo, porque no has contado con profesionales en cada una de las materias, tiene sentido.

Pero es posible que al tener menos calidad vendas menos libros que los que venderías en el caso de ofrecer un producto mejor terminado.

La clave está en analizar el resultado. Porque está bien no gastarse el dinero que no tienes en autopublicar un libro, pero la experiencia me dice que en muchas ocasiones la autoedición tiene una calidad que deja mucho que desear.

Sin embargo, la autopublicación tiene que ver con gestionar cada una de las fases de publicación de tu novela pasando por todos los profesionales por los que pasaría esa historia en el caso de publicarse a través de una editorial tradicional.

Es decir, que contratas los servicios de profesionales de la corrección, de la maquetación e impresión y todo ese gasto sale de tu bolsillo, evidentemente.

Eso de contratar a alguien para que te ofrezca los servicios posteriores a la escritura tiene una parte buena: es muy probable que el resultado de tu novela sea mucho más profesional que si te lo haces tú cuando no te dedicas a ello.

Lo malo te lo cuento un poco más abajo porque no quiero hacerte spoilers.

Vamos a empezar con la lista de los errores más comunes en la autopublicación de una novela.

No, juro que no los cometí todos… pero poco me faltó.

Error #1: ser Juan Palomo. Es posible que te quede mal aunque le pongas todo tu aplomo

No sé, quizás seas un portento de persona y yo una incrédula. Es posible que exista un máster del universo corrigiendo, que también sea cinturón negro en la maquetación y además un premio Nobel de la ilustración, pero de momento no he conocido a nadie que sea experto en todas las fases que requiere la autopublicación.

Una cosa es que te dediques a corregir y, por tanto, te fíes de tu propia corrección (aunque discrepo también, pero no voy a darte la brasa con eso).

Vale, eres corrector, pero admítelo: no eres maquetador.

Por lo tanto, como se suele decir, zapatero a tus zapatos. Porque lo más probable es que alguien que no sabe de diseño, diseñe mal.

De verdad, no quiero ser cruel, pero es que la cubierta de un libro es una de las partes que te hace vender más. Si la descuidas, si no te preocupa que sea lo mejor que hay en el mercado, ya puedes haber escrito una obra maestra, que vas a perder lectores por culpa de no gastarte dinero en portadistas profesionales.

Por aquí te dejo un post antiguo sobre el tema del diseño de la cubierta de un libro.

Error #2: no distinguir entre una editorial tradicional y una de coedición

La principal diferencia entre ambas es que una editorial tradicional jamás te va a pedir un céntimo por publicarte nada. Todo correrá de su cuenta.

Sin embargo, una editorial de coedición siempre te hará pagar un importe porque lo que ofrecen en realidad son servicios editoriales como corrección, maquetación e impresión sin más. En este artículo de Mariana Eguaras te explica cómo diferenciar las unas de las otras.

Vamos, que yo me he quedado muy loca en más de una ocasión cuando me han dicho: «Yo no autopublico, publico con la editorial Círculo Rojo». Esa es una de las editoriales de coedición de las que te hablo.

¿Es mejor una cosa que otra? Depende de lo que quieras en tu carrera como escritor. Lo que es peor es escoger una de coedición pensando que te va a publicar como si lo hiciera Planeta.

El saber es poder.

Error #3: creer que el marketing es como la pelusa que puedes esconder bajo la moqueta

«Si no lo miro, no existe».

¡Ja! Que te lo crees tú.

A ver, esto siempre lo diré, es una decisión personal de cada uno. Puedes hacer oídos sordos de lo que te solemos explicar por estos lares, pero todo tiene sus consecuencias.

Hace unas semanas estuve un el evento Devoralibros que se hace en un pueblo cerca de Barcelona al que acudimos autoras y autores de todos los géneros y recuerdo especialmente la ponencia que dio Anny Peterson, Lady Fuxia para casi todo el mundo.

Habló sobre la marca personal y dijo en tres o cuatro ocasiones que hacía esa ponencia porque se lo habían pedido, pero que ella no era experta en nada de eso.

Quizás no sea experta a nivel titulitis, de esa que tanto tenemos en este país, pero es un ejemplo en absolutamente todo:

Tiene una identidad visual brutal que explota de forma maravillosa. Ves un libro suyo y sabes de quién es.

brutal que explota de forma maravillosa. Ves un libro suyo y sabes de quién es. Tiene un nombre que llama la atención y es recordable .

. Habla de sus libros en sus redes de forma constante.

Sus historias están cuidadas, son trepidantes y pasan por manos de otros profesionales antes de publicarse, lo que da como resultado un producto de calidad.

Es posible que no sea experta porque no tiene un máster en marketing, pero es innegable que maneja su marca personal como si lo tuviera. Vive de escribir desde hace tiempo así que me parece un ejemplo a seguir en todo.

Error #4: escoger mal la fecha de publicación del libro

Hay meses en los que es mala idea lanzar tu libro. No lo digo yo, lo dicen los estudios de mercado.

El consumo de literatura baja en picado durante unos meses del año por diferentes motivos, pero que pueden englobarse en que los consumidores tenemos la cabeza en otras cosas que no son leer.

Por ejemplo, enero es un mal mes para publicar, porque la gente está en plena cuesta económica y con la depre postvacacional. No hay dinero ni ganas. Febrero, la primera quincena, empieza a ser templado, pero te recomiendo que te enfoques más en las dos últimas semanas.

En abril te encontrarás con el problema de la competencia en el Día del Libro. Mucho mejor si lo sacas en marzo para que el público empiece a oír tu nombre, el título y vea la cubierta para picar en abril.

Julio y agosto mala época también. Las personas estamos más por el terraceo y las vacaciones que por leer. Además, a los que tenemos descendencia todavía en edades en las que nos necesitan, se nos hace cuesta arriba encontrar un rato de tranquilidad para abrir un libro. Recuerda que no hay colegios.

Inicio de septiembre, evítalo. Las personas humanas estamos adaptándonos a la vuelta al trabajo y los gastos de la vuelta al cole. Lo mismo ocurre a finales de diciembre, que los gastos navideños se nos come el presupuesto para el capricho de leer, aunque siempre se puede pedir a Los Reyes «Majos» una larga lista de libros que nos interesen, por si cae alguno.

Error #5: contar con lectores beta no aptos para tu tipo de novela

¿A que siempre has oído que un libro no es para todo el mundo? El tuyo tampoco.

Los lectores beta son esas personas a las que pides que hagan las primeras lecturas de tu manuscrito. ¿Sirve cualquier persona? Of course not!

Te sirve esa persona que sabes que se compraría un libro como el tuyo. Esa persona que devora tu género, porque es la que va a saber si cumples con las expectativas de tu lector ideal.

Por ejemplo, si eres escritor de terror no le dejes tu libro a Ana González Duque porque no se lo va a leer. Pero tú dale una novela romántica y te indicará cuál es el punto más débil que ve para que lo refuerces y la mejores.

Tampoco cuentes a tu abuela como lectora beta. Me dirás que es una ávida lectora de tu género pero, amigui, eres familia y encima con una generación de por medio, que eso es garantía de que va a ser lo más subjetiva que pueda, aunque no se lo proponga.

Resumiendo: tu lector beta ideal es aquel que devora tu género y que no te quiere como para achucharte y comerte a besos.

Error #6: no dar la suficiente información en tu libro

Cada vez se ve menos, pero ¿cuántos libros tienes en casa que no señalan dónde contactar con la autora?

Yo tengo varios y es una pena, porque hoy en día es inherente a una gran parte de la audiencia su interés por interactuar contigo.

Leen tu novela y quieren saber más de ti. Las redes han permitido que saciemos ese tipo de curiosidad en cuestión de segundos con un solo clic.

Si no añades tus redes, tus obras anteriores, tu web… la persona que se ha leído tu libro y que lo ha disfrutado como una jabata no va a saber a dónde dirigirse para decírtelo.

Y te aseguro que esos mensajes te pintan el día más gris del rosa más chillón y hermoso que puedas imaginar.

Pero sobre todo si los encaminas a tu lista de email marketing, tendrás lectores que repetirán.

Error #7: pensar que la lista de suscriptores se debe crear a partir de que publicas el libro

Ya, claro. Esto es como si pones en preventa un libro que ni siquiera has empezado a escribir. Vamos, que es empezar la casa por el tejado.

Desde el momento en que tienes clara tu intención de dedicarte a escribir y publicar, debes empezar a trabajar tu marca personal.

Eso se puede hacer de muchas maneras, puedes escoger diferentes canales de difusión, pero siempre, siempre, siempre debes contar con una web con blog.

Pero contar de verdad. Déjate de blogspots y de dominios imposibles de recordar. Tu nombre o pseudónimo.com o .es, según te apetezca. Y empieza a crear comunidad. Desde que tienes tu primera suscripción ya puedes empezar a liarla con el email marketing.

¿Por qué? Porque ese tipo de correspondencia con tu audiencia, sea del tamaño que sea, crea vínculos y confianza, dos aspectos primordiales a la hora de que te compren cuando tienes algo que vender.

Así que trabaja esa parte del marketing porque a cualquiera que sepa del tema te dirá que en su lista de suscriptores es donde se producen más ventas.

Error #8: no contratar un servicio de corrección

Este es un melón muy gordo.

Yo soy lectora beta de un par de personas que podrían publicar sin pasar por una corrección profesional porque de por sí escriben como diosas. Es un hecho.

No obstante, ambas pasan siempre por corrección profesional. Porque si bien es cierto que no tienen errores del tipo usar be cuando lo correcto sería una uve, o de los de escribir palabras con hache cuando no la llevan, la corrección profesional hace que sus manuscritos brillen incluso más. Aunque en la primera leída parezca un manuscrito totalmente pulido.

Creo que una carrera literaria es mucho más interesante cuando publicas dos libros al año de una calidad profesional que veinticinco novelas infectadas de comas y coletillas. Porque un lector tiene tantas opciones que, si no le satisface la primera toma de contacto que tienen con tu escritura, no habrá una segunda oportunidad. Y sinceramente, tienes en tu mano que eso no ocurra. Es una lástima que dejes que pase.

Error #9: calcular mal los tiempos

¿Recuerdas lo que te he comentado un poco más arriba sobre la fecha de publicación?

Pues aquí te dejo el consejazo del día:



Los meses que no te he nombrado antes (o sea, marzo, mayo, junio, octubre y noviembre) son los meses del año más interesantes para publicar.

Sabiendo esto, puedes planificarte más o menos las publicaciones que quieres o crees que puedes hacer el año que viene y así calcular cuándo deberías tener terminada tu novela, concertar cita con corrección y calcular una fecha de publicación realista.



Conocer estos datos te permite planificar casi milimétricamente cuánto debes escribir cada día para lograr el objetivo que te propongas.

Eso sí, calcula mal y palmarás.

La palabra clave en esta planificación es ser realista para lograr los objetivos y no frustrarte.

Error 10#: los profesionales baratos pueden salir caros

Ya sé que en esta profesión no solemos empezar montados en el dólar y además, nos cuesta mucho llegar a estarlo si es que finalmente lo logramos.

Ese puede ser un motivo de peso para decantarnos por los servicios más baratos a la hora de corregir y maquetar, por ejemplo.

Pero he vivido en propias carnes y ajenas lo que supone escoger este tipo de presupuestos sobre otros algo más elevados: ha sido un dolor de cabeza, un mal servicio y ha supuesto volver a pagar a alguien para que lo hiciera mejor.

Hay mucho profesional en redes que ofrecen servicios que parecen ser de calidad, que avalan con años de experiencia y de los que pueden llegar a embaucarte porque además, tienen un concepto de sí mismos que ya querría nuestro ego tener para deshacernos de ese impostor que nos acompaña tantas veces.

Sin embargo, cuando les pides factura de sus servicios te dicen que no están dados de alta como autónomos. Lo peor de todo es que algunos pueden darte una pista al tener unas tarifas irrisorias, sin embargo otros, no cobran menos de lo que cobraría alguien que está cumpliendo como contribuyente.

Si te encuentras con un «no puedo hacerte factura», huye. Ahí no es. Eso es un nido de problemas y te va a llevar de cabeza a un estado de ansiedad sin precedentes.

Te hablo de una correctora que no hizo factura y encima hizo mal su trabajo.

Te hablo de una maquetadora que además no supo satisfacer la necesidad de una clienta porque utilizaba programas hackeados.

Te hablo de tantos casos en los que se han visto envueltas muchas autoras a mi alrededor, que podría escribir un libro sobre «los asombrosos casos de las profesionales que no lo son».

Conclusión sobre los errores al autopublicar un libro

Vigila a quién contratas, publica con conocimiento de causa y trabaja tu marketing con antelación.

Se trata de encontrar el equilibro entre los tres aspectos. A veces tienes que hacer malabares para conseguirlo, pero nadie dijo que fuera fácil.

Y como bonus, te doy un error al publicar un libro #11 que este es mío y solo mío: nunca hagas un sorteo en mitad de un lanzamiento de libro.

La intención era clara: «si me sigue más gente, mi libro se ve más, alguna interesada en él lo comprará».

El resultado fue el siguiente: se pararon las ventas hasta que salió una vencedora. Y aunque se reactivaron, nunca volvió a ir al mismo ritmo.

Esta última parte es mi pequeña humillación en público para que no te pase a ti.

Espero que estos errores al autopublicar un libro te den un poquito de idea de cómo hacerlo bien.

Me encantaría saber qué errores cometiste tú. ¿Te animas a dejarme un comentario aquí abajo? Así aprendemos todos.","The article titled ""Los 10 errores más comunes al autopublicar un libro"" (The 10 most common mistakes when self-publishing a book) provides readers with insight into the common pitfalls in self-publication. 

1. Keywords: Los errores (mistakes), Autopublicar un libro (self-publish a book), Escribir (writing), Publicar (publish), Corrección (correction), Autopublicación (self-publication). 

2. Biagrams: Publicación de libro (Book publishing), Errores comunes (common mistakes), Publicar un libro (Publish a book)

3. Triagrams: Autopublicar un libro (Self-publish a book), Los diez errores (The ten mistakes), Consejos para autopublicar (Advice for self-publishing)

4. The structure is well-organized with a clear introduction, body, and discussion. Each mistake is identified by a sub-heading, making it easily navigable and improving SEO.

5. While meta tags are not visible, they would presumably include keywords like “autopublicar,” “libro,” “errores,” and “publicación”.

6. Content Strategy: The post is addressing common pain points for the target audience, which increases its value. The author's use of personal experiences helps to build credibility and relatability, boosting engagement and potentially the article's ranking in search engine results.

Strengths:
- Use of relevant keywords and phrases improve visibility in search engine results.
- The author creates value by providing solutions to common problems in their audience.
- Good structure with use of subheadings that improve readability and SEO.

Weaknesses:
- The article appears not to have external or internal links, missing opportunities to improve SEO. 
- There might be missed opportunities to use more specific long-tail keywords for better targeting. 
- No clear Call To Action (CTA) could mean missed opportunities for lead generation or conversion. 

The success of this article on search engines would depend on the effective use of relevant keywords, its valuable content that addresses problems for a particular audience, and the author's good reputation within the community."
Autopublicar un libro ya publicado en editorial,https://www.kdpcommunity.com/s/question/0D58V00008iZvRqSAK/autopublicar-un-libro-ya-publicado-en-editorial?language=en_US,Loading   ×Sorry to interruptCSS ErrorRefresh ×Sorry to interruptCSS ErrorRefresh CSS Error  Refresh,"As an AI, I'm unable to physically review or directly analyze a specific article since you didn't provide the text of it in your request. However, I can provide a general guide on what to focus on when analyzing an article's SEO practices and content strategy.

1. **Keywords:** Look for the main phrases that the article is trying to rank for. These might appear in the title, headings, and throughout the text. 

2. **Biagrams/Triagrams:** (Bigrams/Trigrams) – are two/three words that are commonly used together, and they may help an article to rank higher for specific long-tail search terms.

3. **Structure:** Good SEO articles have a clear and structured layout. They often use headings and subheadings (H1, H2, H3 tags etc.), bullets, or numbered lists to organize information.

4. **Meta Tags:** Check for the usage of key meta tags, like title tags, meta description tags, and header tags. These provide crucial information to search engines about the content's topic and relevancy.

5. **Content Strategy:** Look at how the content in an article is used to engage the reader, solve a problem, or answer a question. Useful, relevant content that also implements effective keyword usage is a strong point in SEO. 

As for weaknesses, an article could lack keyword optimization, have sparse use of biagrams/triagrams, or lack a clear, structured layout. It may not utilize meta tags effectively or have low-quality, irrelevant content. By identifying and understanding these factors, one can develop a content strategy to outperform the competition in search rankings.

A comprehensive analysis requires access to the specific article's text. But I hope these general points help you assess the SEO strengths and weaknesses of an article!"
Autopublicar libros en Puerto Rico,https://www.facebook.com/events/d41d8cd9/autopublicar-libros-en-puerto-rico/944034509789645/,          ,No se pudo scrapear el texto del artículo
"¿Cómo autopublicar un libro de forma independiente, explicado ...",https://www.escritores.org/publicar/1275-como-autopublicar-un-libro-de-forma-independiente-explicado-paso-a-paso,"¿Cómo autopublicar un libro de forma independiente, explicado paso a paso?

Esta es una pequeña pero completa guía para el proceso de la autoedición independiente.

Este es un artículo de consulta para autoeditores que deseen independizarse totalmente, y por ello se incluirán numerosas referencias a otros artículos, y está especialmente indicado para todos aquellos escritores que ya han probado servicios como Lulú o Bubok y que buscan una alternativa aún más independiente y con absoluto control sobre los gastos y los beneficios derivados de la comercialización de sus obras.

Solicitud de ISBN para autoedición.

Una cuestión previa. Lulú o Bubok vs. autoedición independiente:

Si para ti es suficiente un servicio como Lulú o Bubok, dudo que te interese leer este largo artículo. En caso contrario te explicaré paso a paso el procedimiento que yo sigo sin hacer uso de estos servicios tan cómodos para autoeditores. Yo no considero adecuado este tipo de servicios para un escritor de oficio por la pérdida del control del propio negocio como autoeditor. Siendo el control del negocio y el de la opacidad de ciertos negocios temas que ya hemos tratado varias veces lo voy a despachar este tema con un par de referencias.

El proceso de la autoedición independiente explicado paso a paso.

1) Escribir tu obra literaria.

Lógicamente, en primer lugar, escribes tu obra literaria. Yo aconsejo escribirla directamente en el formato adecuado y bien maquetada, para no tener que rehacerla luego. Hacerlo así, también te va orientando sobre el número de páginas de la obra, y las herramientas para crear un índice automático de orientan a dimensionar los capítulos. No aconsejo hacer obras muy voluminosas a los autores noveles. Para un potencial comprador, una obra voluminosa de un autor novel supone doble atrevimiento. (Esa es una lección que algunos como yo aprenden a posteriori). Puedes usar Open Office o Microsoft Word. Lo ideal es que trabajes siempre en el formato propio del editor que estés usando, y luego el entregable para la imprenta lo pasas a formato PDF.

2) Primer registro del borrador de la obra.

Una vez terminada la obra, puedes opcionalmente registrarla como primer borrador en el registro de la propiedad

intelectual de tu comunidad (yo suelo hacerlo si es una obra importante). Para ello la imprimes en DINA-A4 y la encuadernas con un canutillo y la llevas al registro. Con ello evitas casos de indefensión ante un posible plagio. Ten en cuenta que aunque no contrates ningún servicio de corrección ortotipográfico, o de estilo, tu obra será entregada en algún momento a alguien. Como mínimo la entregarás al impresor, y no tiene porque pasar nada, pero el registro previo es un trámite que deberías considerar para mayor seguridad. El registro de la propiedad intelectual está transferido a las comunidades autónomas. Puedes informarte en:

3) Pulir la obra.

Opcionalmente y una vez registrado el borrador, te puedes permitir contratar servicios de corrección de estilo y ortotipográfico, o también puedes optar por hacerlo todo tu mismo si te ves capaz. Debes de tener muy en cuenta que el proceso finalizará con la adquisición de una pequeña tirada de ejemplares impresos y cualquier pequeña errata afectará a toda la tirada. Repasa tu obra concienzudamente varias veces, ya que siempre se pasa por alto alguna cosa. Acudir a un profesional puede ser una buena idea si no tienes una facilidad para autocorregir faltas ortotipográficas y de estilo. Todo este trabajo se hace especialmente pesado si la obra es muy voluminosa.

No piense que podrás hacer correcciones menores a tu obra sin que eso te afecte. Cada nueva edición exige un nuevo ISBN. Cuando las diferencias con la edición anterior son mínimas, se califica como reedición, pero también requiere un nuevo ISBN y un nuevo depósito legal. En tiradas pequeñas es un gasto que te va a repercutir en tus beneficios o en el PVP de la obra.

4) Diseñar una portada.

Deberás diseñar una portada y obtener un PDF. Es un tema sobre el cual ya hemos publicado algunos artículos. No te vuelvas loco buscando. Son estos:

Quizás no tengas problema para pasar la imagen del diseño de portada al formato PDF, sino para hacer el diseño por no haber manejado nunca un programa de retoque fotográfico. No te preocupes Gimp es gratuito y tan bueno como el conocido Phtoshop de Adobe. Practica un poco con ayuda de estos artículos:

5) Pedir presupuesto para impresión bajo demanda.

Una vez finalizada completamente la obra y la portada, pides precio para impresión bajo demanda. Hay muchos sitios que ofrecen impresión bajo demanda y solo hay que buscar en Google y pedir varios presupuestos. Te pongo solo un par de referencias pero es mejor que busques bien y compares.

Habitualmente te cobrarán cinco libros más de los que encargues para reservar un depósito legal. El depósito legal es un requisito obligado para las empresas de impresión. No supone una obligación para el autor, aunque tampoco puedo descartar que en algún tipo de disputa legal, la obra que carezca de depósito pudiera tener una consideración legal distinta. Solo se hace la primera vez que pides la impresión de una tirada de un libro. Las posteriores no lo necesitan.

Debes primero pedir un presupuesto a tu servicio de impresión indicando el número de ejemplares que deseas encargar y no debes hacerlo con excesiva antelación porque la validez de los presupuestos siempre está limitada en el tiempo. Deberían ofrecerte una validez del presupuesto por un par de semanas como mínimo.

Yo creo conveniente encargar una tirada mínima de 20 o mejor 30 para que no repercuta tanto el gasto del depósito legal y para que te hagan un precio interesante. En algunos sitios ni siquiera admiten encargos de menos de 50 ejemplares. En cualquier caso esta forma de trabajar te obligará a mantener un pequeño Stock. Una parte de los libros que no uses inmediatamente la empaquetas bien para que no cojan polvo y las guardas. Los irás sirviendo al ritmo que demande el mercado.

Si te consideras un escritor de oficio y temes que de tu libro no puedas llegar a vender más de 20 unidades en varios años, vamos mal. Hay que ser un poco más optimista y pensar que eso podría lograrse en un plazo inferior de tiempo. Es evidente que la labor de autopromoción es esencial y nada trivial. Ni siquiera las buenas obras se venden solas. Los libros al costo, son relativamente baratos y te pueden servir como instrumento de promoción, pero no se trata de hacer regalos indiscriminados, sino de cederlos en bibliotecas, o regalarlos a gente conocida con un interés muy especial por ese género, o a gente que pueda publicar una vez leído alguna crítica sobre tu obra en Internet.

6) Cálculo del PVP.

Para hacer este cálculo primero tienes que calcular cuanto te ha costado cada ejemplar a ti incluyendo todos los gastos de producción, transporte, así como hacer una previsión de gastos de distribución en función de la amplitud de la zona que pretendas abarcar durante los años en que esté vigente esa edición para no terminar pillándote los dedos .

Se supone que no vas a limitarte a colocar tus libros siempre en la tienda de la esquina, aunque esa sería tu mejor opción para empezar siempre que la linea editorial coincida con el género que tú ofreces y logres captar al tendero.

Te ilustraré el cálculo con un ejemplo práctico bastante realista. Mientras no digamos otra cosa los precios que mencionemos serán sin IVA y este es de 4%.

Supón que tienes un libro de 240 páginas y que el servicio de impresión bajo demanda para un pedido de 30 ejemplares te los deja en 6 euros más 7 euros de portes que vamos a considerar como 8 porque el IVA del transporte es 16%. Suponemos que te cobran 5 libros más para depósito legal y tú gastarás otro más para el registro de l propiedad de la versión definitiva.

Es decir, que se imprimen 35 pero dispondrás de 29 para comercializar. Los gastos (transporte+6libros) supondrán (8+36)/ 29= 44/29 =1.466. Es decir, cada ejemplar a ti te ha costado realmente 6+1.517. Pongamos uno 7.52 euros de coste total por libro para esa primera tirada. Las siguientes tiradas te saldrán más baratas al no tener que gastar esos 6 libros extra pero debes trabajar con esas cifras para no pillarte los dedos. Si haces una nueva edición se generará un nuevo depósito legal con sus correspondientes gastos.

Ahora supongamos que te conformas con un beneficio mínimo para ti de unos euros, dejamos otros 3 como margen para no pillarse los dedos con los gastos de distribución porque lo que no puedes hacer es cobrar más adelante una cantidad diferente a otras tiendas en función de unos gastos de transporte y distribución que deberás asumir tu como parte de la faceta de distribuidor de tu propia obra. Debes actuar profesionalmente como lo haría otro distribuidor y una vez que marques un PVD y un PVP deberás mantenerlos de forma indefinida mientras dure esa edición. Hacerlo de otra forma no está bien visto.

Tu no vas a vender libros de uno en uno, así que tampoco te pases reservando mucho para ese concepto. Yo creo que para un autoeditor y para una distribución a pequeña escala 3 euros por libro es suficiente. No aceptes pedidos de menos de cuatro ejemplares a precio de distribución porque una gestión de pedidos libro a libro comportaría gastos mayores.

De todas formas debes tenerlo en cuenta a la hora de intentar colocar tu obra y renunciar a las zonas que supongan un gasto mayor al que tú has presupuestado. De esa manera todo lo que te ahorres en distribución, también será para ti. El beneficio real oscilaría entre los 3 euros para pedidos pequeños a zonas remotas y los 6 euros para la tienda de la esquina.

Es decir, que tu PVD = 7.52 + 3 + 3 = 13.52 Euros.

Ahora puedes dejar un margen de beneficio al tendero de un 30%

Es decir que tu PVP = 13.52 * 1.30 = 17.576 euros. es decir unos 17.55 euros. (Las dos últimas cifras del precio procura que sean cinco o menores de cinco)

Todo esto son cifras orientativas para que tengas una referencia. Yo en mi primer volumen hice un cálculo muy malo, pero no pasa nada. Hay que hacer el cálculo definitivo una vez que tienes los libros en tu poder. El precio que tú darás a la agencia del ISBN puede ser variado y no te compromete, pero intenta dar un precio aproximado.

El PVP es un dato necesario para rellenar la solicitud del ISBN en la agencia nacional. Es un trámite gratuito esencial para poder ofrecer tu libro a las tiendas. Las tiendas necesitan dar de alta los libros en sus catálogos y si no tienen ISBN no pueden hacerlo.

Deberás hacer una labor comercial en persona para abrir mercado. Seguramente será la parte más difícil de todo este negocio. Las ferias de libros son eventos interesantes para poder contactar con muchos posibles clientes.

7) Obtención del ISBN.

Ya tienes un PVP que puede ser definitivo o no, y ya puedes ir a la agencia del ISBN y solicitar tu número de ISBN.

El ISBN es una forma estandarizada de identificación y referencia de un libro y sin esto un libro no puede ser comercializado en la forma habitual. El lugar donde yo hago esta gestión de solicitud del ISBN está en Madrid

Subdirección General de Promoción del Libro, la Lectura y las Letras Españolas

C/ Santiago Rusiñol, 8. 28040 Madrid

Teléfono: 91 536 88 00

Fax: 91 536 88 22

Aunque la gestión se pueda hacer por correo, a mí la primera vez me tardaron dos meses en notificarme que me lo rechazaban por omitir el precio. Una gran pérdida de tiempo. Por ello ahora hago siempre la gestión personalmente. Es un trámite que te conviene que sea ágil, ya que tu contraportada no estará completa sin ese código y no puedes mandar imprimir el libro hasta que conozcas tu ISBN. El código de barras EAN además de incluirlo en la contraportada deberás incluirlo en las primeras páginas. Mira como lo hacen en otros libros.

Encabezando el artículo puedes ver una foto de un par de registros de ISBN realizados por mí, por si te resuelven alguna duda. Observa que en el párrafo 16 (Notas), se debe indicar ‘Ed. Bajo Demanda’. Como datos de editorial pones tus datos personales, aportas fotocopia de tu DNI y firmas el formulario (obligado para autoeditores).

El tamaño de mi libro es de 6?x9? hay que ponerlo en centímetros. Puedes usar decimales, pero al parecer lo redondean. El número de la edición y el número de impresión han de ignorar las ediciones e impresiones no registradas con ISBN español. Es decir, si estás usando por primera vez ISBN o ISBN español para esa obra se debe considerar como primera edición y primera impresión, (así me lo explicaron en la agencia). Se entregan dos copias firmadas.

El trámite termina con la devolución de una de las copias sellada y con una anotación escrita por ellos indicando el número que será un ISBN-13.

8 ) Modifica la contraportada incluyendo el código EAN.

Una vez que ya tienes el número de ISBN, obtienes el código de barras y haces una nueva contraportada según lo explicamos en la referencia siguiente:

No podrás verificar su inclusión en la base de datos de la agencia hasta pasados unos días. Si quieres probar a hacer alguna búsqueda usa el enlace de la “Base de datos de libros editados en España” que acabamos de referenciar introduce tu código ISBN. Si no tienes uno puedes probar con este 978-84-613-0053-2

9) Hacer el pedido al servicio de impresión.

Una vez completada la contraportada definitiva de tu libro, ya puedes confirmar el pedido a la empresa de impresión bajo demanda. Te solicitarán el arte final en PDF.

Antes de imprimir la totalidad de los ejemplares deberían hacer una prueba y notificarte cualquier anomalía. De todas formas si no lo has hecho nunca y quieres hacer una prueba de impresión previa, puedes optar por hacer una prueba en Lulu o en Bubok, porque los PDF que se entregan son generalmente válidos en cualquier servicio de impresión bajo demanda.

Una vez recibas el material asegúrate de que la calidad es la adecuada, que hicieron el depósito legal efectivo y que ahora figurará indicado en el interior del libro. Los libros tienen un IVA del 4%, (salvo que Zapatero ordene otra cosa) comprueba la factura.

10) ¿Cómo promocionar un libro?

Deberías tener ya planificada alguna estrategia y para el momento de publicación alguna campaña de márketing acorde a tus posibilidades y a tus medios. Internet será tu principal aliado. Puedes consultar algunos consejos

11) Ya puedes distribuirlos con todas las garantías legales y comerciales.

Después en cada tienda que te acepte el libro necesitarás dejar un pequeño Stock en depósito y tu mismo deberás quedarte con un pequeño Stock para ir suministrando rápidamente en caso de que algún minorista agote existencias.

Si no es en unos pocos meses, en un par de años como mucho encontrarás la forma de colocar el resto de ese pequeño Stock. Puedes pedir una tirada más reducida, pero el precio de los libros en tiradas pequeñas va a ser el menor de tus gastos si inviertes un poco de dinero en promoción. La auto promoción es un arte, conviene basar lo máximo posible en una buena promoción en Internet porque es más barato, pero con un poco de dinero también puedes conseguir una mejora de la promoción de tu obra. No uses AdWords porque pese a poder invertir solo la cantidad que quieras para vender libros es antieconómico. No debes perder nunca de vista el escaso rendimiento que te da la venta de un solo ejemplar (en nuestro ejemplo 3 euros), a la hora de invertir en promoción.

Consejos finales:

Aunque cueste más la distribución, yo no aconsejo venta directa al consumidor final. Si bien el margen de beneficio es mayor, entrarías en una dinámica que frenará el crecimiento de tu negocio. La venta directa restará tiempo a actividades con más potencial a largo plazo. Cada vez que un autoeditor hace algo, deja de hacer otras cinco esenciales. Lo interesante es abrir mercados en pequeñas tiendas que se puedan encargar de su comercialización, porque eso te libera para poder hacer otras cosas más productivas. A un autoeditor, nunca le sobra tiempo. La gestión de pedidos, envíos, reclamaciones, facturas, albaranes, etc. es algo que implica un gran trabajo. Una tienda pequeña online no es la solución para un autoeditor independiente. En mi opinión y en base a mi propia experiencia en este tipo de negocios, estos no son rentables a menos que se genere un beneficio superior a 20 euros por cada pedido.Ámazon sí genera beneficios con pequeños pedidos, pero no hablamos de una pequeña tienda online sino de un gigante. Sé de lo que hablo porque durante algunos años monté una pequeña tienda virtual de venta y distribución de productos informáticos.

Fuente: http://www.ciberdroide.com/wordpress/?p=6254","This detailed Spanish article discusses the step-by-step process of self-publishing a book independently. 

SEO Strengths:
- The long-form content helps with keyword frequency, context, and semantic search. 
- The content is well-structured with subheadings, bullet points, and lists, which is good for the readability score.
- Biagrams like ""autopublicar un libro"" and ""autoedición independiente"" will aid in search ranking, given their relevance to the topic.
- Triagrams such as ""proceso de la autoedición"" and ""solicitud de ISBN"" exhibit the depth of the topic covered.
- The utilization of synonyms and relevant semantic words enhances the SEO. 

SEO Weaknesses:
- Although the metadata isn't provided, it's crucial as it can increase click-through rates from search engine results. Including relevant keywords in the title tag, meta description, and URL would improve SEO.
- While relevant external and internal linking is commendable for SEO, the effectiveness of the links would be better understood if they were visible. They give context to search engines and lead to a better user experience.
- Absence of visual content could be considered a shortcoming as images foster user engagement and can contribute to SEO when their alt texts incorporate keywords.

Content Strategy Strengths:
- The in-depth, step-by-step approach to self-publishing provides reader value.
- The content appears original, which is beneficial for SEO.

Content Strategy Weaknesses:
- The language barrier could limit the content’s reach.
- The article seems to be targeting a narrow, Spanish-speaking audience, specifically authors seeking independent self-publishing.
- Depending on the article's age, updating legacy content can be beneficial for maintaining SEO over time. 

Conclusion: Although the article is rich in content and structure, it could improve its SEO status through better meta strategies, the addition of visual content, broader audience targeting, and possibly content updates."
¿Deberías autopublicar tu libro? | Entrepreneur,https://www.entrepreneur.com/es/emprendedores/deberias-autopublicar-tu-libro/422073,"Las ventajas de la autoedición frente a la persecución de un contrato de publicación tradicional son numerosas.

Este artículo fue traducido de nuestra edición en inglés.

Las opiniones expresadas por los colaboradores de Entrepreneur son personales

Una pregunta común que hacen los aspirantes a autores emprendedores es si deberían publicar su libro ellos mismos o buscar un acuerdo con una editorial tradicional. Si bien ambos tipos de publicación tienen ventajas y desventajas, la mayoría de los empresarios obtienen mejores resultados con la autoedición. Sin embargo, muchas personas escatiman en algunos gastos básicos importantes cuando se autopublican. Es importante saber de antemano qué es opcional y qué no al escribir y publicar su propio libro de negocios .

Relacionado: 3 preguntas que debe responder antes de escribir su libro de negocios

La autopublicación significa que envía su mensaje más rápido

Si puedes conseguir un agente literario y un contrato editorial tradicional, puedes esperar meses o incluso años para sacar tu libro al mercado. Y eso sin contar el tiempo que lleva encontrar un agente y un editor dispuestos, un proceso arduo sin garantías de éxito.

Sin embargo, es posible que te encuentres procrastinando sin una fecha límite de publicación establecida en piedra. Aquí es donde un entrenador de libros calificado puede ayudarte a mantenerste encaminado. O bien, puedes tratar de automotivarte diciéndoles a todos los que lo escucharán cuándo planeas terminar y publicar su libro.

Relacionado: 3 banderas rojas a tener en cuenta al contratar un libro o un entrenador de escritura

Una vez que hayas completado estos cuatro pasos, puedes autoeditar su libro en un día

Un libro editado o corregido: No te saltes este paso. Un libro lleno de errores tipográficos te hará parecer un aficionado. Abundan las reseñas de Amazon sobre autores que no invirtieron en servicios de edición o revisión. Una portada de libro de alta calidad: Una vez más, esto no es algo que deba evitarse. Si bien Amazon/Kindle Direct Publishing (KDP) tiene portadas de plantillas, las personas pueden juzgar un libro por su portada. Con una portada de libro deslucida que se parece a la de todos los demás, es posible que la gente no tome tu libro en absoluto en cuenta. Formato de libro: necesita el documento con su libro formateado para formato digital e impreso. Esto generalmente requiere los servicios de un profesional. La buena noticia es que tu editor o diseñador de portadas puede incluirlo en sus servicios. O, (este es un consejo raro de mi parte) puedes usar a la persona más barata que puedas encontrar en un sitio como Fiverr. Una biografía del autor y una descripción del libro bien escritas: esto es importante para la parte posterior de la portada de su libro impreso. E incluso si optas solo por lo digital, los necesita para su página de Amazon, su sitio web, cualquier comunicado de prensa, etc.

Ahora, volvamos a por qué la autoedición es mejor que perseguir ese escurridizo contrato de libros .

La autopublicación te permite un control total y permanente de tu contenido

Bastantes personas han venido a mí molestas porque se fueron con un editor y el libro se agotó. Los editores hacen esto cuando ya no ven una forma de ganar dinero con el libro. El autor asumió que ellos mismos podrían reimprimir fácilmente el libro.

Nada mas lejos de la verdad.

Una vez que firmas un contrato con un editor, ellos son dueños del libro. Pueden recortar partes de su manuscrito, hacer que otro escritor agregue cosas a su manuscrito, la lista sigue y sigue.

E incluso si ese libro se agota, todavía lo poseen.

Es decir, ni siquiera puedes hacer un libro electrónico sin algunas disputas legales y tarifas considerables.

Los editores tradicionales no invierten tanto en campañas de marketing de autor como solían hacerlo

En los viejos tiempos (la década de 1990 y antes), los editores invertían una buena cantidad de dinero en publicitar los libros de sus autores. Una vez que llegaron las redes sociales, la mayor parte de la carga pasó al autor. En mi papel como publicista de libros, he tenido muchos autores que vienen a mí enojados porque no recibieron una campaña de marketing de un editor. Pensaron que estaban ahorrando dinero al no invertir ellos mismos en edición, portadas, marketing, etc. Pero solo en casos raros personas que no eran autores conocidos obtuvieron mucho más que un comunicado de prensa y tal vez un par de firmas de libros. Es un oxímoron: los editores solo invierten recursos en autores conocidos. Por lo tanto, si desea sentrevistas en podcasts, entrevistas en revistas y periódicos, apariciones en televisión y más, deberás pagarle a un publicista calificado para difundir tu mensaje.

La autoedición significa mejores regalías/beneficios

Cuando publicas en Amazon, generalmente obtienes entre el 60 y el 70 por ciento de las ganancias después del costo de imprimir tu libro. Con una editorial tradicional, puedes obtener un dólar o menos.

Ilustremos esto.

Si Amazon saca $2.65 dólares por cada libro de impresión bajo demanda que alguien le ordene y su precio de lista es de $14.95 dólares, quedan $12.30 dólares después de cubrir los costos de impresión.

¡Al 60 por ciento, obtienes $7.38 por libro!

Además, puedes solicitar copias de autor al costo. Uno de mis clientes suele hacer esto y ha vendido más de 200 libros en eventos.

Ilustremos esto de nuevo.

Pediste 200 copias de tu libro a $2.65 dólares cada una. Eso es $530 dólares.

Vendes tus 200 copias por $15 dólares la pieza, que son $3,000 dólares.

Entonces, $3000 menos $530 dólares son $2,470 dólares.

Todo para ti.

Esto es especialmente útil para las personas que hablan, establecen redes, etc. Nada de esto es posible con la publicación tradicional.

Resumiendo

El camino rocoso hacia un contrato de publicación tradicional es un gran impulso para el ego. Pero, la mayoría de las veces, está lleno de drama para la mayoría de los aspirantes a autores emprendedores.

Algunas inversiones básicas son importantes. Pero con conocimientos de marketing y una red sólida, ganarás mucho más dinero con la autopublicación y venderás más fácilmente tus otros productos o servicios.

Relacionado: 5 razones críticas para dejar de procrastinar y escribir su libro ahora","The analyzed article is in Spanish and provides aspiring writers and entrepreneurs insight into the advantages of self-publishing over seeking a traditional publishing contract. 

Key semantic SEO factors:

1. Keywords: The main keywords in the article include 'autoedición' (self-publishing), 'contrato de publicación' (publishing contract), 'libro' (book), 'autor' (author), 'editor' (editor), 'autopublicación' (self-publishing), 'marketing,' and 'ganancias' (profits). These keywords sufficiently cover the article's primary subject, which is self-publishing for aspiring authors and entrepreneurs.

2. Biagrams and Triagrams: Important biagrams and triagrams include 'publicar su libro' (publish your book), 'autopublicación es mejor' (self-publishing is better), 'contrato con un editor' (contract with a publisher), 'inversiones básicas' (basic investments), 'servicios de edición' (editing services), etc. 

3. Structure: The article has a structured layout with different subheadings, which impacts its readability positively. It also uses bullet points for the key steps for self-publishing a book.

4. Meta Tags: Without access to the actual HTML code, it's not possible to determine which meta tags have been used. But ideally, we'd expect meta tags to include keywords such as 'autoedición', 'autopublicación', 'autor', and 'libro'.

5. Content Strategy: The content comprises genuine, valuable advice for its target audience - aspiring authors and entrepreneurs considering self-publishing. It covers a variety of aspects such as faster message dissemination, cost-effectiveness, better control of the content, and potential for higher royalties. It also educates readers on the importance of editing services, quality cover design, book formatting, and well-written author bio and book description. The content effectively uses storytelling by incorporating case study-style examples, enhancing reader engagement.

Strengths in SEO practices:
The article effectively uses keywords, long-tail keywords, and various subtopics related to self-publishing, which could help it rank higher on SERPs. Its structure is reader-friendly and its content delivers real value, which can affect bounce rate positively and further impact its SEO ranking.

Weaknesses in SEO Practices:
The usage of images, alt-tags, internal and external links are not discussed in this summary, which can contribute significantly to SEO. Without these elements, the site may lose potential SEO benefits. The article could also potentially benefit from a clear call-to-action or next steps for readers eager to start their self-publishing journey."
Autopublicar desde principiante a Profesional pagado: Uno hoja de ...,https://littleshopofstories.com/book/9798869012067,Welcome to our new website! We're excited to see you. *** RETURNING USERS WILL NEED TO RESET THEIR PASSWORD FOR THIS NEW SITE. CLICK HERE TO RESET YOUR PASSWORD.***,"As an AI, I'm unable to review a specific article as outlined in your prompt. However, I can explain how one could analyze an article based on semantic SEO optimization and content strategy. 

Analyzing an actual article would need specific content, keywords, biagrams, triagrams, structure, meta tags etc. of the said article. 

Nevertheless, here's a general strategy:

Keywords: Identifying the main topics throughout the text. These words should appear naturally and not feel forced or overused. Overuse could lead to 'keyword stuffing' which Google penalizes. 

Biagrams and Triagrams: Biagrams refer to pairs of words used throughout the content that are often searched together, while triagrams are sets of three words. The challenge is to naturally integrate these into the content to optimize for search results. 

Structure: Search engines favor well-structured content. This includes the use of heading tags (H1, H2...), proper paragraph organization, and overall coherence. 

Meta tags: Meta tags (such as title tag and meta description) help search engines understand what the page is about. An optimized title tag and meta description can increase click-through rates from search engine results pages.

Content strategy: This refers to planning, development, and management of content. Your content should be high-quality, relevant, and regularly updated to attract and retain your audience. It's also key to consider user engagement and conversion metrics alongside SEO. 

Only with the specific content of the webpage, can we identify strengths and weaknesses in the SEO practices and analyze what makes it rank highly in search engines. 

Some common SEO practices include the use of relevant keywords, a structure that is easy for search engines to crawl, using meta tags that accurately describe the content on the page, and a comprehensive content strategy that includes regular updates and high-quality, relevant content."
Cómo autopublicar un libro en 8 pasos (2024) - Shopify,https://www.shopify.com/es/blog/autopublicar-un-libro,"El sueño de cualquier escritor es que su libro se convierta en un éxito de ventas. Pero lograr este objetivo sin el respaldo de una editorial ha sido siempre complicado. ¡Hasta ahora!

Despertar el interés de una gran editorial no es fácil. El proceso implica el envío de borradores, la incertidumbre mientras esperas una respuesta (que probablemente nunca llegue) y la autoestima necesaria para afrontar un posible rechazo.

Y aquí no acaba la cosa. Incluso después de haber superado esta primera fase, te esperan meses de largas negociaciones sobre el enfoque creativo de tu trabajo y tu parte de los beneficios.

Trabajar con editoriales no es precisamente un sueño hecho realidad, así que, ¿por qué no saltarse este paso? Con los recursos que existen en la actualidad puedes escribir, editar, publicar y vender tu propio libro sin que nadie condicione tus sueños.

Aprovecha las múltiples herramientas que tienes a tu alcance para autopublicar un libro. Solo tienes que aprender a usarlas, ¡y en esta guía descubrirás los 8 pasos de la autopublicación!

1. Escribe un libro que se pueda vender bien

Los emprendedores emplean la investigación de mercado para validar sus ideas de producto. Este proceso implica un minucioso análisis de los productos de la competencia, de sus puntos fuertes y débiles, de los nichos aún sin explorar y del perfil del cliente ideal.

Para un escritor esto puede parecer un poco excesivo, pero su trabajo no dista demasiado del de cualquier emprendedor. Conocer a su público antes de ponerse manos a la obra es una forma de facilitar las ventas del libro en el futuro.

Es posible que ya tengas algún libro acabado, proyectos en camino o ideas para empezar desde cero. En cualquier caso, utiliza estos métodos para evaluar el potencial comercial de tu libro antes de iniciar el proceso de autopublicación:

Define su género. El género de un libro es más que una categoría. Aspectos como la estructura, el vocabulario, el estilo de escritura o el contenido visual de la obra varían de forma sustancial de un género a otro. Por ejemplo, un libro infantil describirá una manzana podrida como “blanda” o “viscosa”, mientras que en una novela de misterio y asesinatos probablemente sea una manzana “pútrida” o “pestilente”. Ten en cuenta las particularidades de cada género para comprender mejor al público para el que escribes.

Investiga lo que el lector opina de tu género. Navega por foros de literatura y descubre de qué hablan los seguidores de tu género (tus compradores potenciales). ¿Qué es lo que más les atrae? ¿Comparten algún tipo de inquietud o de expectativa?

Analiza cuáles son los libros más vendidos de tu género. Estudia a tu competencia y averigua cuáles son los libros con más éxito en tu género. Puedes recurrir a las listas de los libros más vendidos de marketplaces como Amazon o consultar listas anuales como la de Babelia .

Averigua cuál es el posicionamiento de tu competencia. El posicionamiento dice mucho de una empresa, de sus mensajes, sus valores y su manera de presentarse ante el público. Es el momento de que te preguntes qué hace que un libro sea único en su género. ¿Qué te transmite su título, portada y sinopsis? ¿Cómo capta la atención del lector?

Pregúntate qué es lo que falta en el mercado. En un sector como el editorial, con un gran volumen de publicaciones cada año, la clave está en saber diferenciarse. Ponte en el lugar de los lectores y piensa en eso que te gustaría leer y que aún no ha escrito nadie. ¿Qué puedes aportar de novedoso?

Si es posible, encuentra un nicho en tu género. Un nicho es un perfil concreto de lectores dentro de tu género que te permite diferenciarte en un mercado saturado de opciones. Aprovéchalo para limitar el alcance de tu competencia.

Estudiar los títulos que han sido un éxito de ventas en tu género puede darte pistas útiles sobre cómo es el público al que debes dirigirte. Incluso si ya tienes un manuscrito listo para autopublicar, no pases por alto su potencial de ventas antes de dar el siguiente paso. Es muy probable que identifiques algunos puntos que te permitirán aumentar las posibilidades de venta con unos sencillos ajustes. En cualquier caso, conocer mejor a tu público siempre hará que la toma de decisiones de marketing en el futuro sea más sencilla. 2. Edita como un profesional Las obras autoeditadas compiten en las mismas tiendas y marketplaces que los libros de las editoriales tradicionales. Para estar a la altura, tu libro debe presentar el mismo aspecto profesional que si hubiera salido de una gran editorial. Aunque no cuentes con el respaldo de un extenso equipo de editores, no quiere decir que no puedas crear un producto competitivo. Empieza por editar tú mismo el manuscrito Antes de compartir con alguien tu primer borrador, léelo de principio a fin como si fueras un lector de tu público objetivo. Durante el proceso de lectura es fácil perderse entre los detalles. Una lectura íntegra del manuscrito te permitirá valorar la obra en su conjunto. Una vez que tu borrador esté listo para que alguien más lo lea, ponte en modo emprendedor: es el momento de saber qué es lo que opinan tus posibles seguidores. Recopila opiniones de tu público objetivo Durante el proceso de desarrollo del producto, los emprendedores recopilan las opiniones de su público objetivo con el propósito de mejorar sus prestaciones. Esto también es extensible al proceso de autoeditar un libro. Antes de enviar el libro a un editor profesional, reparte algunas copias a otras personas y pídeles su opinión. Es importante seleccionar a las personas que mejor se adapten al perfil de lector al que está orientado tu libro. Busca en foros del mismo género que tu obra o envía el manuscrito a amigos y familiares (si encajan con tu público objetivo), para recabar todas las impresiones que puedas sobre tu libro. El objetivo de esta fase no es corregir erratas o errores tipográficos, sino obtener una visión general de potencial comercial que tiene tu obra en su conjunto. Encarga la corrección de tu manuscrito a un profesional La corrección de un texto es un proceso meticuloso que implica la revisión línea por línea para mejorar la legibilidad y garantizar que no hay errores gramaticales o de interpretación. Aparte de la primera edición que debes realizar tú mismo, es importante que un profesional le eche un vistazo al manuscrito desde una perspectiva totalmente ajena al proceso creativo. Los problemas de legibilidad no siempre son fáciles de reconocer por el propio autor del texto. Dónde contratar a un editor freelance Contratar a un editor autónomo permite a quienes autoeditan sus libros trabajar a nivel profesional sin que se les vaya de presupuesto. Existen diferentes plataformas en las que contratar los servicios de un editor profesional que te ayude a corregir tu trabajo. Las plataformas de freelancers disponen de una extensa oferta de editores, con diferentes tarifas y niveles de experiencia. El siguiente listado incluye las principales plataformas para la contratación de editores profesionales y, aunque están en inglés, funcionan a nivel mundial: Reedsy : una plataforma especializada en poner en contacto a los autores independientes con editores freelance de todo el mundo. Su particularidad es que puedes contratar a editores especializados en un determinado género. Upwork : el lugar adecuado para quienes buscan diferentes perfiles de editor, entre ellos, correctores de estilo. Sus filtros permiten hacer una búsqueda pormenorizada por experiencia y tarifas por hora, por lo que resulta más sencillo ajustarse al presupuesto. Fiverr : presume de ser el marketplace con la mayor oferta de servicios digitales. Los usuarios se dividen en “vendedores” y “compradores”. Entre los vendedores hay una amplia variedad de profesionales, entre ellos, editores y correctores de estilo. Guru : este portal permite a las empresas la publicación de anuncios de trabajo. Los profesionales autónomos pueden responder a estos anuncios informando sobre su tarifa, y las empresas pueden analizar sus perfiles para determinar cuál es el más adecuado para tu proyecto. Una vez que encuentres el perfil que mejor se adapte a tus necesidades, puedes pedirle que edite tu libro de forma profesional. De este modo obtendrás un manuscrito sin errores y de aspecto impecable. ¿Siguiente paso? Diseñar la portada. 3. Diseña una portada llamativa Aunque no se debe juzgar un libro por su portada, la mayoría de los lectores lo hace. La cubierta de un libro es su tarjeta de presentación y un reclamo visual para quienes navegan por las tiendas online, marketplaces y cualquier otro lugar en el que se venda tu libro. ¿Debo contratar a un diseñador profesional? Los autores-emprendedores tienen que adoptar varios papeles para sacar adelante su obra, entre ellos, el de diseñador gráfico. Diseñar tu propia portada puede conllevar una importante inversión de tiempo, pero también te ahorrará mucho dinero. Así que, la idoneidad o no de contratar a un diseñador profesional dependerá en gran medida de la experiencia que tengas en esta área. Tanto si vas a diseñar tu propia portada como si prefieres encargársela a un profesional, piensa siempre con mentalidad comercial a la hora de evaluar el diseño de tu portada. Estos son algunos de los aspectos que no debes pasar por alto: Busca la inspiración para tomar una decisión informada. Recopila las portadas de varios de los libros de éxito de tu mismo género y analiza qué es lo que funciona mejor en cada una de ellas. ¿Por qué una es más atractiva que la otra? ¿Qué dice el contenido de la portada sobre tu libro? Piensa en términos de miniaturas. Tus clientes potenciales van a ver una portada de tamaño reducido cuando naveguen por Amazon y otros marketplaces y tiendas online. En ese contexto, los pequeños detalles de la portada podrían pasar inadvertidos. Durante el proceso de diseño, recuerda comprobar cómo queda tu portada en miniatura para garantizar que muestra todo lo importante sin quedar sobrecargada. Presenta el título con claridad. Si los lectores no son capaces de leer el título de la portada sin complicaciones, el alcance del diseño será mucho más limitado. Colocar el título en un lugar destacado de la portada ayudará a los lectores a relacionar la imagen y el texto y a recordarlo con mayor facilidad. No te olvides del lomo y de la contraportada. Aunque estas dos partes del libro no son visibles en las miniaturas, sí contribuirán al atractivo físico de tu libro. Muchos lectores también valoran el aspecto que presentan los libros en la estantería de casa. Mantén la misma línea de estilo de la portada para que el diseño sea coherente. En los sitios web del apartado anterior no solo encontrarás editores, sino que también puedes buscar a un diseñador profesional que se encargue de tu portada. Herramientas gratis para diseñar tu propia portada Si tienes algo de experiencia con el diseño y quieres hacerte tu propia portada, estas herramientas de diseño gratis te resultarán de utilidad: Canva

Fotor

Edit.org

Visme ¿Ya has llegado hasta este punto? Entonces ya tendrás listo un manuscrito bien editado y una portada atractiva, pero aún queda mucho trabajo por hacer si quieres materializar todo esto en un producto físico. 4. Escoge tu plataforma de autopublicación Una plataforma de autopublicación es una herramienta que te permite transformar tu libro en un producto físico y hacer que llegue a compradores y distribuidores. La empresa de autopublicación que utilices determinará cuáles van a ser tus canales de distribución, por lo que es importante que tengas claro cómo quieres vender tus libros online. Venta en tiendas con Lulu y Shopify Lulu es una plataforma de autopublicación que te proporciona las herramientas necesarias para la impresión y la distribución de tus ebooks y tus libros. Ofrece un extenso catálogo de tamaños, encuadernaciones y formatos de página que te permiten crear un producto físico a medida. ¿Principal ventaja de Lulu? Que la app Lulu Direct (en inglés) para Shopify se integra fácilmente con tu tienda. Utilizando esta aplicación en tu tienda Shopify puedes imprimir y enviar tus libros directamente al punto de venta, automatizando todo el proceso logístico. Autopublicar un libro con impresión bajo demanda La impresión bajo demanda es una alternativa de fulfillment en la que tus libros se imprimen y se envían a los puntos de venta a medida que es necesario. De este modo, no necesitas imprimir una gran cantidad de ejemplares, ni almacenarlos, ni enviarlos tú mismo. Esta solución para la impresión y la distribución de los libros es una opción perfecta para quienes deciden autopublicar su obra. No suponen un gran desembolso y permiten ahorrar tiempo con la subcontratación y la distribución de los libros. Vender en Amazon usando Kindle Direct Publishing Kindle Direct Publishing (KDP) es la plataforma de autopublicación de Amazon que permite a los usuarios imprimir sus libros bajo demanda en el momento de la venta. Los usuarios ya están familiarizados con la interfaz de Amazon, por lo que les resultará más sencillo navegar por ella y encontrar tu libro. Por otro lado, Amazon se encarga de sugerir tu libro a aquellos lectores que, según su algoritmo, podrían estar interesados en él. Aunque con KPD puedes subir tu libro directamente a Amazon, no es imprescindible que lo uses para vender libros impresos. ¿Cuánto cuesta usar KDP? Puesto que KPD emplea un sistema de impresión bajo demanda, los gastos por usar esta plataforma solo se aplican una vez que has vendido un libro. Los libros de bolsillo vendidos en los marketplaces de Amazon a través de KPD están sujetos a unas regalías del 60 %. Esto quiere decir que por cada libro que vendes te llevas un 60 % del precio de venta. Los costes de impresión se deducen de este porcentaje y varían en función de la calidad del papel y del número de páginas. Para facilitarte estos cálculos, Amazon dispone de una calculadora de costes de impresión y regalías con la que obtendrás una estimación de cuáles serán tus beneficios finales.

Una de las desventajas de KDP es su cláusula de exclusividad: si vendes ebooks a través de Amazon usando KDP, no podrás vender el mismo libro en ningún otro sitio. Esta cláusula de exclusividad no se aplica a los libros físicos vendidos a través de KDP. Otras plataformas de autopublicación Existe un gran número de empresas de autopublicación que permiten a los usuarios crear copias físicas de sus libros y venderlas a través de los principales distribuidores. Aunque no siempre ofrecen la opción de vender en tiendas, la mayoría de ellas cuenta con una opción de impresión bajo demanda para vender en Amazon. Si decides emplear otra plataforma de autopublicación distinta de Lulu, tendrás que imprimir, almacenar y enviar tus libros del modo tradicional, con costes mucho más elevados que los de un servicio de impresión bajo demanda. Reedsy : si bien es una de las plataformas punteras (en inglés) a la hora de buscar freelancers, también destaca por ofrecer servicios de autopublicación. Su herramienta para formatear libros proporciona a los autores independientes una solución de autopublicación de ebooks y libros físicos con aspecto profesional. ¡Y es gratis! IngramSpark : aunque solo está disponible en inglés, también funciona a nivel mundial como Reedsy. Cuenta con numerosas herramientas para el diseño de tu libro impreso y funciones integradas de distribución para venderlo en más de 40.000 tiendas de todo el mundo. Blurb : esta plataforma dispone de un extenso catálogo de programas para que diseñes tu libro y lo vendas a través de los principales distribuidores, como Amazon. Las herramientas de Blurb son especialmente útiles para la maquetación de libros de fotos grandes y con un diseño único para cada página. Y, además, está disponible en español. 5. Dale formato a tu libro En esta fase de la autopublicación terminarás de perfilar el diseño de tu libro y te asegurarás de que cuente con todos los rasgos característicos de una publicación profesional. El paso de darle formato al libro viene después del de buscar una solución de autopublicación por una sencilla razón: las plataformas de autopublicación normalmente tienen sus propias funcionalidades para la maquetación y la aplicación de formato a la obra. En función de la plataforma que emplees, dispondrás de unas u otras herramientas para realizar este trabajo, pero el resultado final será el mismo. ¿Cómo dar formato a un libro? Las plataformas de autopublicación como KDP te pedirán que subas dos tipos de archivo diferentes. El primero es el archivo del manuscrito, que incluirá todas las páginas interiores del libro; el segundo es el archivo de la cubierta, con la información que aparece por fuera del libro (carátula, lomo y contracarátula). El formato del archivo del manuscrito Aunque tu manuscrito haya sido escrito y editado a la perfección, todavía hay algunos aspectos que deberás tener en cuenta antes de autopublicar un libro. Ajusta las líneas de corte y los márgenes Las líneas de corte determinan el ancho y el alto de tus páginas. Las plataformas de autopublicación suelen ofrecer diferentes formatos entre los que elegir, pero aun así tendrás que determinar el margen de las páginas. Páginas preliminares Las páginas preliminares de un libro contienen información importante antes del comienzo de la obra en sí. Por lo general, las páginas preliminares se dividen en cinco categorías: Página de medio título: el medio título (también conocido como título bastardo), suele ser la primera página del libro impreso. Es una página que queda al lado derecho (número impar) y que contiene el título del libro y nada más (ni siquiera el número de página). Página de título: esta página tampoco contiene número de página, pero sí que suele incluir en nombre del autor y un subtítulo, si procede. También es la página en la que las editoriales acostumbran a poner su logo. En el caso de las obras autopublicadas, el logo es opcional. Página de créditos: lo habitual es que los créditos de tu obra se muestren en el reverso de la página del título, y que esta contenga toda la información legal sobre derechos de autor (aviso legal, copyright, pie editorial, ISBN…). Si no estás seguro de qué información debes incluir, aquí encontrarás una explicación detallada de la Editorial Letra Minúscula. Página de dedicatoria: corresponde a la página posterior a la página de título, también en el lado derecho (número impar). Las dedicatorias suelen ser concisas (una o dos frases como máximo) y el reverso de la página queda en blanco. Página de índice: esta página sirve para organizar las diferentes partes y capítulos de las que se compone la obra, e indicar los números de página con los que se corresponden. ¿Qué es el ISBN? El ISBN es un código de identificación único para cada obra que se publica. Está formado por una cadena numérica internacional formada por 13 dígitos e identifica datos básicos como el título, país, edición, extensión de la obra, etc. Se trata de una referencia universal, por lo que podrás utilizarla en todas las plataformas, librerías y marketplaces. También sirve para probar la autoría de una obra y los derechos asociados a esta, por lo que resulta de gran utilidad para quienes autopublican sus libros. ¿Cómo obtener tu número ISBN? La mayoría de las plataformas de autopublicación, entre ellas Kindle Direct Publishing, te proporcionarán un ISBN gratis para tu libro si empleas sus servicios. Si tu plataforma de autopublicación no te facilita un número ISBN, puedes solicitarlo a través de la Agencia del ISBN, realizando el pago de las tasas correspondiente. Cuerpo del libro El cuerpo del libro incluye los textos de todos los capítulos, desde la primera página del primer capítulo hasta la última página del último capítulo. Página de capítulo: es la página que aparece al principio de cada capítulo de tu libro. No incluye encabezado, pero sí número de página. Páginas del cuerpo : las páginas de tu libro que no se corresponden con el comienzo de un capítulo se denominan páginas del cuerpo. Si el tipo de texto lo requiere, estas páginas sí podrán llevar un encabezado. Este suele ser el nombre del autor (en páginas pares o a la izquierda) y el título del libro (en páginas impares o a la derecha). Páginas finales Las páginas finales del libro son todas aquellas que vienen inmediatamente después de que finalicen todos los capítulos de la obra. Estas páginas se dividen a su vez en varias categorías: Apéndice o anexos: en estas páginas se recoge información adicional que ayuda a interpretar el contenido de la obra. Normalmente, se trata de aspectos técnicos que no resultan esenciales para entender el resto del libro. Bibliografía y referencias: no son páginas habituales en las obras de ficción, pero sí tienen especial importancia en los libros de no ficción en los que a menudo se realizan alusiones a estudios y citas de otros autores. Biografía del autor: contiene la foto del autor y una breve biografía. 6. Lanza tu libro al mercado El siguiente paso en tu camino hacia el éxito será planificar el lanzamiento de tu libro. Puede que todavía no tengas la experiencia de una editorial profesional, pero si has llegado hasta este punto, seguro que ya conoces a tu público en profundidad. Nuestra checklist para el lanzamiento de productos en ecommerces te resultará de gran utilidad. El lanzamiento de un libro implica tener en cuenta varios aspectos, por lo que conviene analizarlos paso a paso: Asegúrate de que tus canales de venta en Amazon funcionan. Amazon es una de las plataformas protagonistas en la venta de libros. Tanto si vendes en Amazon a través de KDP como si estás usando cualquier otra plataforma de autopublicación sincronizada con este marketplace, asegúrate de que estás preparado para aceptar pagos a través de Amazon. Realiza una compra de prueba para recibir una copia de tu libro en casa, como si fueras uno de tus clientes. Crea tu sitio web de autor e incluye un checkout online. Tu libro necesita un ‘campamento base’ al que dirigir todas las compras y anuncios en redes sociales. Tu sitio web de autor hará que los usuarios encuentren información sobre ti más fácilmente o que se puedan poner en contacto contigo para eventuales entrevistas u oportunidades de promoción. Diseña una estructura estándar para tu sitio web. Tu sitio web de autor debe incluir las páginas de inicio, ‘Sobre nosotros’, contacto y productos. También puedes añadir un blog con contenidos relacionados o añadir más libros después de su lanzamiento, pero asegúrate de tenerlo todo bien estructurado antes de abrir tu tienda online. Utiliza técnicas para obtener la dirección email de tus visitas. El marketing por email es un modo estupendo de ir consolidando tu público. Utiliza aplicaciones de marketing por email como Shopify Email , Seguno o Klaviyo (estas dos últimas en inglés), para enviar emails de notificación y mantener a tus visitas informadas sobre actualizaciones sobre ti y tus libros. Instala una herramienta de análisis. Las analíticas de sitios web pueden proporcionarte información de gran utilidad sobre el comportamiento de las visitas y ayudarte a realizar mejoras en tu tienda online. Utiliza Shopify Analytics o herramientas de terceros como Google Analytics 4 . Una vez que hayas terminado de darle formato a tu libro y que tus canales de venta estén perfectamente configurados, los usuarios ya podrán comprar tu libro. Así que ha llegado el momento de enseñarles cómo hacerlo. 7. Promociónate en redes sociales Ya has escrito y editado tu libro. Ya has probado tus canales de venta y te has asegurado de que todo funciona sin problemas. Además, tienes un sitio web estupendo y un libro que se ve genial. Pero, ¿dónde están tus clientes? Las redes sociales son una solución estupenda para lanzarte a la caza de compradores. Si funciona para los pequeños negocios, ¿por qué no iba a funcionar para quienes autopublican sus libros? Trabajar en una estrategia de marketing en redes sociales te ayudará a llegar a tu público objetivo, dar a conocer tu libro e impulsar las ventas. ¡Y todo ello sin necesidad de hacer una gran inversión! Aumentar el número de seguidores en redes sociales es un proceso que requiere de constancia, algo muy similar a lo que implica la escritura, edición y publicación de tus obras. Aquí tienes algunas ideas interesantes para trabajar el contenido en redes sociales con el objetivo de promocionar tu libro: Comparte extractos de tu obra en redes sociales. Ponles la miel en los labios a tus futuros lectores y anímalos a comprar tu libro para seguir leyendo. Fomenta las opiniones de los usuarios en Amazon. Las opiniones de los usuarios mejorarán tu visibilidad en la plataforma. Anima a tus primeros compradores a que dejen una reseña para que tu libro tenga un mayor alcance. Empieza una campaña de anuncios en Facebook. Los anuncios de Facebook (Meta) te permiten llegar a tus clientes ideales a partir de sus gustos, intereses y comportamientos. Reserva parte de tu presupuesto para realizar una campaña de publicidad en Facebook que te permita darle visibilidad a tu libro y aumentar las probabilidades de compra. Colabora con influencers en las redes sociales. Trabajar con influencers que tengan un público afín al tuyo le dará notoriedad a tu libro frente a posibles lectores. Ponte en contacto con podcasts y otras publicaciones. Existen infinidad de publicaciones y podcasts sobre literatura y géneros literarios. Localiza dónde está tu nicho y contacta con medios afines que pudieran estar interesados en realizarte una entrevista. Escribe en tu blog y comparte artículos en las redes sociales. Ya que tienes tu propio sitio web, ¿por qué no publicas tus propios artículos de blog y los compartes en redes sociales? Si los lectores disfrutan de tus artículos, tendrás más posibilidades de que también acaben comprando tu libro. Hacer crecer tu público en redes sociales lleva su tiempo, pero merece la pena. Cuanto mayor sea tu audiencia en estas plataformas, tu obra tendrá mayor notoriedad y aumentarán las ventas de tu libro. 8. Empieza a trabajar en tu siguiente libro Los autores que autopublican su obra también deben adoptar el papel de empresarios. En las primeras fases de desarrollo de cualquier negocio, cuando apenas hay empleados y el presupuesto es limitado, los emprendedores asumen diferentes funciones. En ocasiones les tocará desarrollar una estrategia de marketing o de gestión de redes sociales. Otras veces se encargarán del diseño de la web, del desarrollo del producto o de la tramitación de envíos. Y eso sin olvidar su papel en la atención al cliente. En el ámbito de la autopublicación de libros, el panorama es bastante similar. No te desanimes si el lanzamiento de tu primer libro autopublicado no te coloca en las listas de los más vendidos. Solo muy pocos escritores logran el éxito, sobre todo si se trata de su primera obra. Pero la perseverancia siempre tiene recompensa. Sigue trabajando en la ampliación de tu presencia en redes sociales y en la consolidación de tu público. Cada una de las interacciones en estas plataformas te ayudará a ir definiendo mejor tu perfil online. Además, con cada libro que publiques irás conociendo un poco mejor a tus seguidores y el proceso de autopublicar un libro te resultará más sencillo. Y lo mejor de todo, mientras avanzas hacia el éxito, estarás generando ingresos pasivos","The article provides a comprehensive guide to self-publishing books, including the process of writing, editing, publishing, and marketing. The SEO strategy seems to be centered around users who are self-publishers or writers looking for tips on how to self-publish a book and steer clear of traditional publishing houses. 

The main keywords are ""autopublicación de un libro,"" ""escritor,"" and ""Editorial,"" making it evident that the content targets authors and people interested in self-publishing. Important biagrams and triagrams include ""autopublicar un libro,"" ""proceso de autopublicación,"" and ""marketing en redes sociales.""

From a structural perspective, the article employs numbered lists to present sequential steps, augmenting reader understanding. They benefit the SEO as they allow search engines to understand the content better and improve the article's chances of appearing as a featured snippet.

However, meta tags aren't indicated in this task, but they would most likely contain variations of keywords identified, further bolstering the SEO strategy. 

The content strategy is focused on providing useful and extensive information to the reader, using examples, advice, tools, and insights relevant to each step of the process. This helps in keeping the readers engaged while also positioning the article as a credible information source.

Strengths in SEO practice include effective keyword use, well-structured content, and providing comprehensive, valuable information to readers. A possible weakness could be the lack of localized keywords for specific geographical areas, which could limit the article's reach. Additionally, no backlinks are mentioned which could enhance the article's visibility and credibility.

To further boost SEO, the article could widen its keyword range to include terms related to book genres, writing platforms, digital publishing, and increase the use of long-tail keywords. Contextual internal and external links could also enhance SEO and user navigation."
"FundéuRAE on X: ""@2404km Sí, «autopublicar» es una palabra ...",https://twitter.com/Fundeu/status/566649262457749504,,No se pudo scrapear el texto del artículo
