Iripa-keyword,,,,,,,,,,,,,,,,,,,,,,,,,
"October 1, 2023 - September 30, 2024",,,,,,,,,,,,,,,,,,,,,,,,,
Keyword,Currency,Avg. monthly searches,Three month change,YoY change,Competition,Competition (indexed value),Top of page bid (low range),Top of page bid (high range),Ad impression share,Organic impression share,Organic average position,In account?,In plan?,Searches: Oct 2023,Searches: Nov 2023,Searches: Dec 2023,Searches: Jan 2024,Searches: Feb 2024,Searches: Mar 2024,Searches: Apr 2024,Searches: May 2024,Searches: Jun 2024,Searches: Jul 2024,Searches: Aug 2024,Searches: Sep 2024
obras de construccion,EUR,40,33%,-20%,Low,19,0.09,0.23,,,,,,40,50,30,20,40,50,40,40,40,30,30,40
servicios de construcción,EUR,20,0%,0%,High,68,0.07,0.23,,,,,,210,10,10,10,10,10,10,10,10,10,10,10
servicios de obra civil,EUR,10,0%,-100%,Unknown,,,,,,,,,0,10,10,0,0,10,10,10,0,0,0,0
obras y servicios,EUR,10,-50%,-50%,Medium,38,0.08,0.13,,,,,,10,20,10,10,10,10,10,10,10,20,10,10
obra civil,EUR,50,33%,-56%,Low,19,0.07,0.20,,,,,,50,90,30,20,30,70,50,70,30,30,70,40
construccion civil,EUR,10,0%,0%,Medium,43,,,,,,,,20,10,10,10,10,20,10,10,10,10,10,10
obras construcción,EUR,30,-33%,-50%,Medium,34,0.09,0.20,,,,,,20,30,20,50,30,20,40,30,30,30,20,20
presupuesto obra casa,EUR,10,-100%,0%,Unknown,,,,,,,,,0,0,0,0,0,0,0,0,0,10,0,0
construcciones,EUR,210,0%,-19%,Low,30,0.07,0.23,,,,,,170,170,170,390,170,140,390,260,210,170,210,170
técnico en construcción,EUR,20,0%,-33%,Medium,50,0.05,0.11,,,,,,20,20,20,20,20,20,40,10,20,20,10,20
contratista de construcción,EUR,10,-100%,-100%,Unknown,,,,,,,,,0,0,0,0,0,0,10,10,10,10,10,0
ingenieria en construccion civil,EUR,10,∞,0%,Low,0,,,,,,,,10,20,10,10,10,10,10,10,10,0,10,10
construcción de naves industriales,EUR,10,0%,0%,Medium,43,0.15,0.30,,,,,,10,10,10,10,10,10,10,10,10,10,10,10
construccion naves industriales,EUR,10,0%,0%,High,100,,,,,,,,10,10,10,10,10,10,10,10,0,10,10,10
ingenieria civil en obras civiles,EUR,0,0%,0%,Unknown,,,,,,,,,0,0,0,0,0,0,0,0,0,0,0,0
constructora de naves industriales,EUR,0,0%,-100%,Unknown,,,,,,,,,0,0,0,0,0,0,0,0,0,0,0,0
constructor civil,EUR,10,-100%,-100%,Unknown,,,,,,,,,10,0,10,10,10,10,10,10,0,10,10,0
construccion piscina,EUR,10,-67%,0%,Medium,37,,,,,,,,0,10,10,10,10,10,10,10,10,30,10,10
construccion de piscina,EUR,20,100%,0%,Medium,64,0.05,0.10,,,,,,20,40,20,40,20,10,20,20,10,10,10,20
ingeniero en construccion,EUR,10,0%,0%,Low,24,,,,,,,,10,20,20,10,10,10,10,10,10,10,10,10
empresa de construcción y reformas,EUR,0,0%,0%,Unknown,,,,,,,,,0,0,0,0,0,0,0,0,0,0,0,0
reformas y construcciones,EUR,0,0%,0%,Unknown,,,,,,,,,0,0,0,0,0,0,0,0,0,0,0,0
obras civiles,EUR,50,33%,-56%,Low,19,0.07,0.20,,,,,,50,90,30,20,30,70,50,70,30,30,70,40
direccion de proyectos de construccion,EUR,,--,--,Unknown,,,,,,,,,,,,,,,,,,,,
precios unitarios de construcción,EUR,10,-100%,0%,Unknown,,,,,,,,,0,0,0,10,10,0,0,10,0,10,10,0
proyectos de construcción,EUR,10,0%,0%,High,71,,,,,,,,10,10,0,10,10,10,10,10,10,10,10,10
precio construccion nave industrial,EUR,0,0%,0%,Unknown,,,,,,,,,0,0,0,0,0,0,0,0,0,0,0,0
precios unitarios de construcción 2022,EUR,0,0%,0%,Unknown,,,,,,,,,0,0,0,0,0,0,0,0,0,0,0,0
ingenieria en obras civiles,EUR,10,∞,0%,Low,0,,,,,,,,10,0,10,0,0,10,10,10,10,0,0,10
técnico en construcción civil,EUR,10,0%,∞,Medium,57,,,,,,,,10,10,0,0,0,0,0,10,0,10,0,10
constructora naves industriales,EUR,10,0%,0%,Unknown,,,,,,,,,0,0,0,0,0,0,0,10,10,0,10,0
compañias de construccion,EUR,10,0%,0%,Unknown,,,,,,,,,0,10,0,0,0,0,0,0,0,0,0,0
construcción de viviendas,EUR,20,100%,100%,Medium,66,0.08,0.20,,,,,,20,20,10,40,30,10,20,20,20,10,10,20
servicios de construcción y remodelación,EUR,10,0%,0%,Unknown,,,,,,,,,0,0,0,0,0,0,0,0,10,0,10,0
contratista construccion,EUR,10,0%,0%,Low,0,,,,,,,,10,0,0,10,0,10,10,10,10,10,10,10
empresas de obra civil,EUR,10,0%,0%,Low,0,,,,,,,,0,0,10,10,10,10,10,10,10,10,0,10
constructoras de edificios,EUR,10,0%,0%,Medium,48,0.11,0.41,,,,,,10,0,0,0,10,10,10,10,10,10,10,10
construcción e ingeniería civil,EUR,10,0%,0%,Unknown,,,,,,,,,10,10,0,10,0,0,0,0,0,0,0,0
presupuestos de construccion,EUR,10,0%,0%,Medium,45,0.07,0.20,,,,,,10,20,10,30,20,20,10,10,10,10,10,10
construcción civil vespertino,EUR,0,0%,0%,Unknown,,,,,,,,,0,0,0,0,0,0,0,0,0,0,0,0
empresas de construcción civil,EUR,10,0%,-100%,Unknown,,,,,,,,,0,10,0,0,0,0,0,10,0,0,0,0
construccion y remodelacion,EUR,10,∞,0%,Low,0,,,,,,,,0,10,0,10,10,10,0,10,0,0,10,10
presupuesto construccion piscina,EUR,0,0%,0%,Unknown,,,,,,,,,0,0,0,0,0,0,0,0,0,0,0,0
construcción de piscinas de obra,EUR,10,0%,0%,Unknown,,,,,,,,,0,10,10,10,0,0,0,0,0,0,0,0
obra civil y construcciones,EUR,10,0%,-100%,Unknown,,,,,,,,,10,10,0,0,10,10,0,0,10,0,10,0
construcción civil universidades,EUR,10,0%,0%,Unknown,,,,,,,,,0,10,0,0,0,0,0,0,0,0,0,0
presupuestos de obras de construccion,EUR,10,∞,0%,Low,29,,,,,,,,10,10,10,10,10,10,10,10,10,0,10,10
niro construcciones,EUR,10,∞,0%,Low,5,,,,,,,,0,0,10,0,10,10,10,10,10,0,10,10
empresa de construcciones,EUR,10,0%,∞,High,100,,,,,,,,10,10,10,10,10,10,10,10,0,10,10,10
obras en construcción,EUR,110,22%,0%,Low,10,0.08,0.20,,,,,,140,110,90,90,90,90,110,110,110,90,110,110
construccion piscina hormigon,EUR,10,∞,∞,Medium,43,,,,,,,,10,0,10,10,0,0,0,10,10,0,10,10
construccion de piscina de hormigon,EUR,10,0%,0%,Medium,64,0.05,0.12,,,,,,10,10,10,10,10,10,10,10,10,10,10,10
universidades con ingenieria en construccion,EUR,,--,--,Unknown,,,,,,,,,,,,,,,,,,,,
construccion piscina obra,EUR,,--,--,Unknown,,,,,,,,,,,,,,,,,,,,
servicios de construcción y mantenimiento,EUR,10,∞,∞,Low,0,,,,,,,,0,10,10,0,0,10,0,0,10,0,0,10
precio construcción m2,EUR,50,-50%,-78%,Medium,39,0.05,0.19,,,,,,50,70,50,110,30,40,50,70,30,40,50,20
construcción piscina,EUR,10,-67%,0%,Medium,37,,,,,,,,0,10,10,10,10,10,10,10,10,30,10,10
proyectos de obra civil,EUR,10,0%,0%,Unknown,,,,,,,,,0,10,0,10,0,10,10,10,0,0,0,0
ingeniero de construccion,EUR,10,-100%,-100%,Unknown,,,,,,,,,10,10,10,10,10,10,10,10,10,10,0,0
permiso de edificacion,EUR,10,0%,0%,Low,3,,,,,,,,10,10,10,10,10,10,10,10,10,10,10,10
ingeniería en construcción civil universidades,EUR,,--,--,Unknown,,,,,,,,,,,,,,,,,,,,
servicios de remodelacion y construccion,EUR,10,0%,0%,Unknown,,,,,,,,,0,0,0,0,0,0,0,0,10,0,10,0
proyectos en construccion,EUR,10,-100%,0%,Unknown,,,,,,,,,10,0,0,10,0,0,0,10,0,10,0,0
ospacp como afiliarse,EUR,20,-50%,-67%,Low,29,,,,,,,,30,20,20,40,40,20,20,10,10,20,10,10
presupuestos construccion casa,EUR,10,∞,0%,High,86,,,,,,,,10,10,0,10,10,10,10,10,10,0,0,10
técnico en construcción santo tomás,EUR,,--,--,Unknown,,,,,,,,,,,,,,,,,,,,
precios de obras de construccion,EUR,10,0%,0%,Medium,36,0.08,0.14,,,,,,10,10,10,20,10,20,10,10,10,10,10,10
construccion civil santo tomas,EUR,0,0%,0%,Unknown,,,,,,,,,0,0,0,0,0,0,0,0,0,0,0,0
técnico en construcción y obras civiles,EUR,,--,--,Unknown,,,,,,,,,,,,,,,,,,,,
presupuesto para obra de construccion,EUR,10,0%,-100%,Unknown,,,,,,,,,0,0,0,10,0,0,10,0,0,0,0,0
presupuesto para piscina de obra,EUR,,--,--,Unknown,,,,,,,,,,,,,,,,,,,,
presupuesto construcción,EUR,10,0%,0%,Medium,41,0.16,1.06,,,,,,10,10,10,10,10,10,10,10,10,10,10,10
gestion de la construccion civil,EUR,0,0%,0%,Unknown,,,,,,,,,0,0,0,0,0,0,0,0,0,0,0,0
gestion de obras civiles,EUR,10,-100%,0%,Unknown,,,,,,,,,0,10,0,0,0,0,0,0,0,10,0,0
ingeniería en construcción puntaje,EUR,,--,--,Unknown,,,,,,,,,,,,,,,,,,,,
construccion civil on line,EUR,,--,--,Unknown,,,,,,,,,,,,,,,,,,,,
3 construcciones,EUR,10,0%,∞,Medium,35,0.08,0.17,,,,,,10,10,0,10,10,10,10,10,10,10,10,10
3.7 obra civil y construcciones,EUR,0,0%,0%,Unknown,,,,,,,,,0,0,0,0,0,0,0,0,0,0,0,0
360 obra civil y construccion sl,EUR,,--,--,Unknown,,,,,,,,,,,,,,,,,,,,
actividades de construccion y servicios,EUR,0,0%,0%,Unknown,,,,,,,,,0,0,0,0,0,0,0,0,0,0,0,0
actividades de construcción civil,EUR,0,0%,0%,Unknown,,,,,,,,,0,0,0,0,0,0,0,0,0,0,0,0
actividades de construcción y servicios,EUR,10,0%,0%,Unknown,,,,,,,,,10,0,0,0,0,0,0,0,0,0,0,0
actividades de obra civil,EUR,0,0%,0%,Unknown,,,,,,,,,0,0,0,0,0,0,0,0,0,0,0,0
aeropuertos obra civil sa,EUR,0,0%,0%,Unknown,,,,,,,,,0,0,0,0,0,0,0,0,0,0,0,0
africana contratas y construcciones sl,EUR,,--,--,Unknown,,,,,,,,,,,,,,,,,,,,
africana de contratas y construcciones,EUR,,--,--,Unknown,,,,,,,,,,,,,,,,,,,,
ag vial construcciones,EUR,10,0%,0%,Unknown,,,,,,,,,0,0,0,0,10,10,0,0,0,0,0,0
alta proyectos y construccion,EUR,0,0%,0%,Unknown,,,,,,,,,0,0,0,0,0,0,0,0,0,0,0,0
alza construcciones,EUR,20,0%,-33%,Low,6,,,,,,,,10,20,20,10,30,20,20,40,10,20,20,20
amyc construcciones srl,EUR,0,0%,0%,Unknown,,,,,,,,,0,0,0,0,0,0,0,0,0,0,0,0
angel boscarino construcciones sa,EUR,10,0%,0%,Unknown,,,,,,,,,0,0,0,0,0,10,0,0,0,0,0,0
antis obra civil,EUR,,--,--,Unknown,,,,,,,,,,,,,,,,,,,,
antis obra civil sl,EUR,,--,--,Unknown,,,,,,,,,,,,,,,,,,,,
aransa construccion,EUR,0,0%,0%,Unknown,,,,,,,,,0,0,0,0,0,0,0,0,0,0,0,0
aransa construccion y obra civil sa,EUR,,--,--,Unknown,,,,,,,,,,,,,,,,,,,,
arinco construcciones,EUR,10,0%,0%,Low,24,0.07,0.20,,,,,,10,10,10,10,10,10,10,10,10,10,10,10
arquitectura y construcción pdf,EUR,10,-100%,0%,Unknown,,,,,,,,,0,0,0,10,10,10,10,0,0,10,10,0
arquitectura y obras civiles,EUR,0,0%,0%,Unknown,,,,,,,,,0,0,0,0,0,0,0,0,0,0,0,0
artes y construcciones srl,EUR,,--,--,Unknown,,,,,,,,,,,,,,,,,,,,
asesoramiento construccion,EUR,10,0%,-100%,Unknown,,,,,,,,,0,10,0,0,0,10,0,0,0,0,0,0
asesorias en construccion,EUR,10,0%,0%,Unknown,,,,,,,,,0,0,0,0,0,10,10,0,0,0,0,0
asfaltos y construcciones elsan sa,EUR,10,0%,0%,Unknown,,,,,,,,,0,0,0,10,0,0,0,0,0,0,0,0
astori construcciones,EUR,70,0%,0%,Low,32,0.08,0.19,,,,,,40,90,50,90,50,50,40,50,50,70,70,70
astori construcciones sa,EUR,10,0%,0%,Low,25,,,,,,,,0,10,10,10,0,10,10,10,10,10,10,10
atencion al usuario vialidad nacional,EUR,10,0%,0%,Low,0,,,,,,,,10,10,10,10,10,10,10,10,10,10,10,10
begar construcciones y contratas,EUR,,--,--,Unknown,,,,,,,,,,,,,,,,,,,,
bidesa obras viales y civiles sa,EUR,,--,--,Unknown,,,,,,,,,,,,,,,,,,,,
bolskan obra civil y ferroviaria,EUR,,--,--,Unknown,,,,,,,,,,,,,,,,,,,,
brick macro ingenieria en construcción civil electrica y suministros,EUR,,--,--,Unknown,,,,,,,,,,,,,,,,,,,,
brundl construcciones sa,EUR,,--,--,Unknown,,,,,,,,,,,,,,,,,,,,
busco constructor civil,EUR,0,0%,0%,Unknown,,,,,,,,,0,0,0,0,0,0,0,0,0,0,0,0
busco obra particulares construcción,EUR,,--,--,Unknown,,,,,,,,,,,,,,,,,,,,
c & e construcciones,EUR,10,0%,0%,Low,0,,,,,,,,0,0,0,0,10,0,0,10,10,10,0,10
c & e construcciones sa,EUR,0,0%,0%,Unknown,,,,,,,,,0,0,0,0,0,0,0,0,0,0,0,0
cabo de obra civil,EUR,,--,--,Unknown,,,,,,,,,,,,,,,,,,,,
calcaterra construcciones srl,EUR,10,∞,0%,Low,0,,,,,,,,10,10,0,0,0,0,0,0,0,0,10,10
calidad de la construcción en obras civiles,EUR,0,0%,-100%,Unknown,,,,,,,,,0,0,0,0,0,0,0,0,0,0,0,0
calidad en construccion civil,EUR,,--,--,Unknown,,,,,,,,,,,,,,,,,,,,
calidad en la construccion de obras civiles,EUR,,--,--,Unknown,,,,,,,,,,,,,,,,,,,,
calidad en obras civiles,EUR,0,0%,-100%,Unknown,,,,,,,,,0,0,0,0,0,0,0,0,0,0,0,0
capeco construccion civil,EUR,,--,--,Unknown,,,,,,,,,,,,,,,,,,,,
caputo construcciones y servicios,EUR,10,∞,∞,Low,29,,,,,,,,10,0,0,0,0,0,0,0,10,0,0,10
carreteras en construcción,EUR,10,∞,∞,Low,0,,,,,,,,0,0,0,0,0,0,10,0,10,0,0,10
casas prefabricadas con piscina precio,EUR,10,0%,0%,Unknown,,,,,,,,,0,10,0,0,0,0,0,0,0,0,0,0
casas prefabricadas lacustre reclamos,EUR,,--,--,Unknown,,,,,,,,,,,,,,,,,,,,
casas prefabricadas sin mantenimiento,EUR,,--,--,Unknown,,,,,,,,,,,,,,,,,,,,
cemar construcciones,EUR,,--,--,Unknown,,,,,,,,,,,,,,,,,,,,
chm constructora,EUR,10,∞,∞,Low,0,,,,,,,,0,0,0,0,10,0,0,0,0,0,0,10
cies obra civil,EUR,,--,--,Unknown,,,,,,,,,,,,,,,,,,,,
civil constructora,EUR,10,0%,0%,Unknown,,,,,,,,,0,0,0,0,10,0,0,0,0,0,0,0
civil en obras civiles,EUR,,--,--,Unknown,,,,,,,,,,,,,,,,,,,,
civil obra,EUR,10,0%,0%,Unknown,,,,,,,,,0,0,0,0,0,0,0,0,0,0,10,0
civiles construcciones sas,EUR,10,∞,∞,Low,0,,,,,,,,10,0,0,0,0,0,0,0,0,0,0,10
civilpro ingenieria y construccion,EUR,0,0%,0%,Unknown,,,,,,,,,0,0,0,0,0,0,0,0,0,0,0,0
civiltec constructora,EUR,0,0%,0%,Unknown,,,,,,,,,0,0,0,0,0,0,0,0,0,0,0,0
cjm construcciones,EUR,10,-100%,0%,Unknown,,,,,,,,,0,0,0,10,10,0,10,10,0,10,0,0
cmg construcciones y mantenimiento en general,EUR,10,∞,∞,Low,14,,,,,,,,0,0,0,0,0,0,0,0,0,0,0,10
cobosa construcciones,EUR,10,0%,0%,Unknown,,,,,,,,,0,0,0,0,0,10,0,0,0,0,0,0
compañia de construcciones civiles sa,EUR,0,0%,0%,Unknown,,,,,,,,,0,0,0,0,0,0,0,0,0,0,0,0
concesion de obras,EUR,10,-100%,0%,Unknown,,,,,,,,,0,0,0,0,0,0,0,0,0,10,0,0
concesión de obra pública ejemplos,EUR,10,-100%,-100%,Unknown,,,,,,,,,0,10,10,0,0,0,0,10,10,10,0,0
construccion 1 ingenieria civil,EUR,,--,--,Unknown,,,,,,,,,,,,,,,,,,,,
construccion arquitectonica,EUR,10,∞,0%,Low,4,,,,,,,,10,10,10,0,10,10,0,0,10,0,0,10
construccion carreteras,EUR,10,∞,∞,Low,0,,,,,,,,0,0,0,0,10,0,0,0,10,0,0,10
construccion chalet,EUR,10,∞,∞,High,100,,,,,,,,0,0,0,0,0,0,0,0,0,0,0,10
construccion civil 2023,EUR,,--,--,Unknown,,,,,,,,,,,,,,,,,,,,
construccion civil andres bello,EUR,,--,--,Unknown,,,,,,,,,,,,,,,,,,,,
construccion civil capeco,EUR,,--,--,Unknown,,,,,,,,,,,,,,,,,,,,
construccion civil catolica,EUR,,--,--,Unknown,,,,,,,,,,,,,,,,,,,,
construccion civil los leones,EUR,,--,--,Unknown,,,,,,,,,,,,,,,,,,,,
construccion civil puntaje corte,EUR,,--,--,Unknown,,,,,,,,,,,,,,,,,,,,
construccion civil semipresencial,EUR,,--,--,Unknown,,,,,,,,,,,,,,,,,,,,
construccion civil u catolica,EUR,10,0%,0%,Unknown,,,,,,,,,0,0,0,10,0,0,0,0,0,0,0,0
construccion civil u mayor,EUR,,--,--,Unknown,,,,,,,,,,,,,,,,,,,,
construccion civil umsa,EUR,,--,--,Unknown,,,,,,,,,,,,,,,,,,,,
construccion de carreteras,EUR,10,-100%,-100%,Unknown,,,,,,,,,10,0,0,0,10,10,10,10,10,10,10,0
construccion de casa habitacion,EUR,10,0%,0%,Unknown,,,,,,,,,0,0,0,0,10,0,0,0,0,0,10,0
construccion de chalet,EUR,10,0%,0%,Unknown,,,,,,,,,0,0,0,0,10,0,0,0,10,0,0,0
construccion de escaleras de hormigon,EUR,10,0%,0%,Unknown,,,,,,,,,10,10,0,10,10,0,0,0,0,0,0,0
construccion de infraestructura,EUR,10,0%,∞,Low,9,,,,,,,,0,10,10,0,0,10,10,0,10,10,10,10
construccion de ingenieria civil,EUR,10,0%,0%,Unknown,,,,,,,,,0,0,0,0,0,10,0,0,0,0,10,0
construccion de jacuzzis,EUR,10,0%,0%,Unknown,,,,,,,,,0,0,10,0,0,0,0,0,0,0,0,0
construccion de obra civil,EUR,10,0%,0%,Low,0,,,,,,,,0,0,0,0,10,10,10,10,10,10,0,10
construccion de obras de ingenieria civil,EUR,10,-100%,-100%,Unknown,,,,,,,,,0,0,0,0,0,0,0,10,0,10,0,0
construccion de pisos,EUR,10,0%,0%,Unknown,,,,,,,,,0,10,0,10,10,10,0,10,10,0,0,0
construccion de quincho,EUR,20,0%,0%,Medium,38,0.04,0.14,,,,,,30,30,20,40,20,10,10,20,10,10,10,10
construccion de rampas,EUR,10,∞,∞,Low,0,,,,,,,,0,0,0,0,10,0,0,10,0,0,0,10
construccion de saunas,EUR,10,0%,0%,Unknown,,,,,,,,,0,0,0,0,0,0,10,0,0,0,0,0
construccion de spas,EUR,0,0%,0%,Unknown,,,,,,,,,0,0,0,0,0,0,0,0,0,0,0,0
construccion empresa,EUR,10,0%,-100%,Unknown,,,,,,,,,10,0,10,0,0,0,0,0,10,0,10,0
construccion en la ingenieria civil,EUR,,--,--,Unknown,,,,,,,,,,,,,,,,,,,,
construccion en obra,EUR,10,0%,-100%,Unknown,,,,,,,,,0,0,0,0,0,10,10,10,0,0,0,0
construccion especializada,EUR,0,0%,0%,Unknown,,,,,,,,,0,0,0,0,0,0,0,0,0,0,0,0
construccion obra gris,EUR,10,∞,0%,Low,0,,,,,,,,10,10,0,10,10,10,10,10,0,0,10,10
construccion piscina gunitada,EUR,,--,--,Unknown,,,,,,,,,,,,,,,,,,,,
construccion precios,EUR,30,0%,0%,Medium,46,0.06,0.23,,,,,,20,10,50,40,30,50,30,50,20,20,20,20
construccion quincho,EUR,10,-100%,-100%,Unknown,,,,,,,,,10,10,10,30,10,10,10,10,10,10,10,0
construccion remodelacion,EUR,10,∞,0%,Low,0,,,,,,,,0,10,0,10,10,10,0,10,0,0,10,10
construccion residencial,EUR,10,0%,∞,Low,29,,,,,,,,0,10,0,0,0,10,10,10,0,10,0,10
construccion servicios,EUR,10,0%,0%,High,69,0.13,0.26,,,,,,0,10,0,10,0,10,0,10,10,10,0,10
construccion sin permiso de edificacion,EUR,10,0%,0%,Unknown,,,,,,,,,0,0,0,0,0,0,0,10,0,0,0,0
construccion spa,EUR,,--,--,Unknown,,,,,,,,,,,,,,,,,,,,
construccion vial,EUR,10,0%,0%,Low,0,,,,,,,,10,10,0,10,10,10,10,10,10,10,10,10
construccion y ingenieria civil,EUR,0,0%,0%,Unknown,,,,,,,,,0,0,0,0,0,0,0,0,0,0,0,0
construccion y mantenimiento,EUR,10,0%,0%,Low,21,,,,,,,,10,10,10,10,10,0,10,0,0,10,10,10
construccion y mantenimiento industrial,EUR,,--,--,Unknown,,,,,,,,,,,,,,,,,,,,
construccion y obra civil,EUR,10,∞,∞,Medium,43,,,,,,,,0,0,0,0,0,0,0,10,0,0,0,10
construccion y remodelacion de casas,EUR,10,0%,0%,Unknown,,,,,,,,,0,0,0,10,0,0,0,0,0,0,0,0
construccion y servicio,EUR,10,-100%,0%,Unknown,,,,,,,,,0,0,0,0,0,0,0,0,10,10,0,0
construccion y servicios,EUR,10,-100%,-100%,Unknown,,,,,,,,,0,10,0,0,0,10,0,10,0,10,10,0
construcciones abolafio,EUR,,--,--,Unknown,,,,,,,,,,,,,,,,,,,,
construcciones aitana san vicente del raspeig,EUR,,--,--,Unknown,,,,,,,,,,,,,,,,,,,,
construcciones antroju,EUR,,--,--,Unknown,,,,,,,,,,,,,,,,,,,,
construcciones aplibur,EUR,,--,--,Unknown,,,,,,,,,,,,,,,,,,,,
construcciones boreste,EUR,,--,--,Unknown,,,,,,,,,,,,,,,,,,,,
construcciones boreste sa,EUR,,--,--,Unknown,,,,,,,,,,,,,,,,,,,,
construcciones campos,EUR,10,0%,0%,Unknown,,,,,,,,,0,0,0,0,0,0,10,0,10,0,0,0
construcciones cantabricas,EUR,,--,--,Unknown,,,,,,,,,,,,,,,,,,,,
construcciones civiles de san luis,EUR,,--,--,Unknown,,,,,,,,,,,,,,,,,,,,
construcciones civiles extremeñas,EUR,,--,--,Unknown,,,,,,,,,,,,,,,,,,,,
construcciones civiles generales,EUR,0,0%,0%,Unknown,,,,,,,,,0,0,0,0,0,0,0,0,0,0,0,0
construcciones civiles generales sa,EUR,,--,--,Unknown,,,,,,,,,,,,,,,,,,,,
construcciones civiles umsa,EUR,,--,--,Unknown,,,,,,,,,,,,,,,,,,,,
construcciones civiles y edificación,EUR,,--,--,Unknown,,,,,,,,,,,,,,,,,,,,
construcciones civiles y edificación secundaria,EUR,,--,--,Unknown,,,,,,,,,,,,,,,,,,,,
construcciones civiles y management sa,EUR,,--,--,Unknown,,,,,,,,,,,,,,,,,,,,
construcciones civiles y pavimentos sas,EUR,,--,--,Unknown,,,,,,,,,,,,,,,,,,,,
construcciones civiles y portuarias sa,EUR,,--,--,Unknown,,,,,,,,,,,,,,,,,,,,
construcciones de ingenieria civil,EUR,10,0%,0%,Unknown,,,,,,,,,0,0,0,0,0,10,0,0,0,0,10,0
construcciones e instalaciones,EUR,10,0%,0%,Unknown,,,,,,,,,0,10,0,0,0,0,0,0,0,0,0,0
construcciones e instalaciones industriales,EUR,,--,--,Unknown,,,,,,,,,,,,,,,,,,,,
construcciones edilicias,EUR,10,0%,0%,Low,0,,,,,,,,10,10,10,10,0,10,10,10,10,10,0,10
construcciones eléctricas,EUR,10,∞,∞,High,71,,,,,,,,0,0,0,0,10,0,0,0,0,0,0,10
construcciones faus,EUR,,--,--,Unknown,,,,,,,,,,,,,,,,,,,,
construcciones fechi,EUR,,--,--,Unknown,,,,,,,,,,,,,,,,,,,,
construcciones garrucho,EUR,0,0%,0%,Unknown,,,,,,,,,0,0,0,0,0,0,0,0,0,0,0,0
construcciones garrucho sa,EUR,,--,--,Unknown,,,,,,,,,,,,,,,,,,,,
construcciones industriales y portuarias sa,EUR,10,0%,0%,Unknown,,,,,,,,,0,0,0,0,0,0,0,0,0,0,10,0
construcciones infraestructura y servicios sa,EUR,10,0%,0%,Unknown,,,,,,,,,0,0,0,0,0,10,0,0,0,0,0,0
construcciones integrales tigre,EUR,10,0%,0%,Unknown,,,,,,,,,10,10,0,10,0,0,0,0,10,0,10,0
construcciones los campos,EUR,0,0%,0%,Unknown,,,,,,,,,0,0,0,0,0,0,0,0,0,0,0,0
construcciones mega,EUR,10,0%,0%,Low,0,,,,,,,,10,10,10,10,0,10,10,10,10,10,10,10
construcciones mineras sa,EUR,10,0%,∞,Low,29,,,,,,,,0,10,0,10,10,10,10,0,0,10,0,10
construcciones norte,EUR,10,0%,0%,Unknown,,,,,,,,,10,0,10,10,10,0,10,0,0,0,0,0
construcciones obras y viales sa,EUR,0,0%,0%,Unknown,,,,,,,,,0,0,0,0,0,0,0,0,0,0,0,0
construcciones portuarias,EUR,10,∞,∞,Low,0,,,,,,,,10,0,0,10,0,0,0,10,10,0,0,10
construcciones provisionales,EUR,10,0%,0%,Unknown,,,,,,,,,0,0,0,0,0,0,10,0,0,0,0,0
construcciones publicas,EUR,10,-100%,0%,Unknown,,,,,,,,,10,0,0,0,0,0,10,0,0,10,0,0
construcciones racosa,EUR,,--,--,Unknown,,,,,,,,,,,,,,,,,,,,
construcciones reyes almeida,EUR,,--,--,Unknown,,,,,,,,,,,,,,,,,,,,
construcciones sa,EUR,10,0%,0%,Low,29,,,,,,,,10,10,10,10,10,0,10,10,10,10,10,10
construcciones tejera sa,EUR,,--,--,Unknown,,,,,,,,,,,,,,,,,,,,
construcciones valbuena,EUR,,--,--,Unknown,,,,,,,,,,,,,,,,,,,,
construcciones villanueva,EUR,10,0%,0%,Unknown,,,,,,,,,0,0,0,0,10,0,0,10,0,0,0,0
construcciones y consultoria sociedad anonima,EUR,,--,--,Unknown,,,,,,,,,,,,,,,,,,,,
construcciones y consultorias civiles ltda,EUR,,--,--,Unknown,,,,,,,,,,,,,,,,,,,,
construcciones y contratas,EUR,,--,--,Unknown,,,,,,,,,,,,,,,,,,,,
construcciones y montajes,EUR,10,0%,0%,Unknown,,,,,,,,,0,0,0,10,10,0,0,0,0,0,0,0
construcciones y obras valbuena,EUR,,--,--,Unknown,,,,,,,,,,,,,,,,,,,,
construcciones y obras victorino vicente,EUR,,--,--,Unknown,,,,,,,,,,,,,,,,,,,,
construcciones y servicios del noreste,EUR,,--,--,Unknown,,,,,,,,,,,,,,,,,,,,
construcciones y servicios faus,EUR,0,0%,0%,Unknown,,,,,,,,,0,0,0,0,0,0,0,0,0,0,0,0
construcciones y servicios generales,EUR,,--,--,Unknown,,,,,,,,,,,,,,,,,,,,
construcciones y servicios industriales,EUR,,--,--,Unknown,,,,,,,,,,,,,,,,,,,,
construcción civil santo tomás,EUR,,--,--,Unknown,,,,,,,,,,,,,,,,,,,,
construcción civil técnico,EUR,,--,--,Unknown,,,,,,,,,,,,,,,,,,,,
construcción civil umsa,EUR,,--,--,Unknown,,,,,,,,,,,,,,,,,,,,
construcción de escaleras,EUR,10,0%,0%,Low,5,,,,,,,,10,10,10,10,10,10,10,10,10,10,10,10
construcción de filtros para drenaje,EUR,0,0%,0%,Unknown,,,,,,,,,0,0,0,0,0,0,0,0,0,0,0,0
construcción de gaviones en ríos,EUR,0,0%,0%,Unknown,,,,,,,,,0,0,0,0,0,0,0,0,0,0,0,0
construcción de grandes obras,EUR,0,0%,0%,Unknown,,,,,,,,,0,0,0,0,0,0,0,0,0,0,0,0
construcción de infraestructura vial,EUR,10,∞,0%,Medium,43,,,,,,,,0,0,0,0,0,0,0,0,0,0,0,10
construcción de muelles,EUR,10,0%,0%,Unknown,,,,,,,,,0,0,10,0,0,0,0,0,0,0,0,0
construcción de muelles con pilotes,EUR,10,0%,0%,Unknown,,,,,,,,,0,0,0,10,0,0,0,10,0,0,0,0
construcción de obras públicas,EUR,10,0%,0%,Unknown,,,,,,,,,10,10,0,0,0,0,0,10,10,0,10,0
construcción de túneles en obras civiles,EUR,0,0%,0%,Unknown,,,,,,,,,0,0,0,0,0,0,0,0,0,0,0,0
construcción de vivienda unifamiliar,EUR,10,0%,∞,Medium,57,,,,,,,,0,0,0,10,0,0,0,10,10,10,0,10
construcción de viviendas familiares,EUR,10,0%,-100%,Unknown,,,,,,,,,0,0,10,0,0,10,10,0,0,0,0,0
construcción del oeste,EUR,10,0%,0%,Unknown,,,,,,,,,10,0,0,0,0,0,0,0,10,0,0,0
construcción nueva,EUR,10,0%,0%,Unknown,,,,,,,,,10,0,0,0,0,0,0,0,10,0,0,0
construcción obra,EUR,30,-33%,-50%,Medium,34,0.09,0.20,,,,,,20,30,20,50,30,20,40,30,30,30,20,20
construcción obra nueva,EUR,,--,--,Unknown,,,,,,,,,,,,,,,,,,,,
construcción quincho,EUR,10,-100%,-100%,Unknown,,,,,,,,,10,10,10,30,10,10,10,10,10,10,10,0
construcción remodelación y mantenimiento,EUR,10,0%,0%,Unknown,,,,,,,,,0,0,0,0,0,0,0,10,0,0,0,0
construcción servicios,EUR,10,0%,0%,High,69,0.13,0.26,,,,,,0,10,0,10,0,10,0,10,10,10,0,10
construcción sin permiso,EUR,10,0%,0%,Unknown,,,,,,,,,0,0,0,0,0,0,0,0,10,0,0,0
construcción the line,EUR,10,0%,0%,Unknown,,,,,,,,,10,10,0,0,0,0,0,0,0,0,0,0
construcción trabaja con nosotros,EUR,0,0%,0%,Unknown,,,,,,,,,0,0,0,0,0,0,0,0,0,0,0,0
construcción vivienda,EUR,10,0%,0%,Medium,62,,,,,,,,10,10,10,10,10,10,10,10,10,10,10,10
construcción vivienda unifamiliar,EUR,0,0%,0%,Unknown,,,,,,,,,0,0,0,0,0,0,0,0,0,0,0,0
construccióncivil,EUR,0,0%,0%,Unknown,,,,,,,,,0,0,0,0,0,0,0,0,0,0,0,0
constructor civil egresado,EUR,,--,--,Unknown,,,,,,,,,,,,,,,,,,,,
constructor civil ingeniero en construccion,EUR,,--,--,Unknown,,,,,,,,,,,,,,,,,,,,
constructor civil mineria,EUR,,--,--,Unknown,,,,,,,,,,,,,,,,,,,,
constructor civil recien egresado,EUR,,--,--,Unknown,,,,,,,,,,,,,,,,,,,,
constructor civil recien titulado,EUR,,--,--,Unknown,,,,,,,,,,,,,,,,,,,,
constructor civil trainee,EUR,,--,--,Unknown,,,,,,,,,,,,,,,,,,,,
constructor civil vespertino,EUR,,--,--,Unknown,,,,,,,,,,,,,,,,,,,,
constructor de obras civiles,EUR,0,0%,0%,Unknown,,,,,,,,,0,0,0,0,0,0,0,0,0,0,0,0
constructora civil,EUR,10,0%,-100%,Unknown,,,,,,,,,10,0,0,0,0,0,0,10,0,0,0,0
constructora de carreteras,EUR,,--,--,Unknown,,,,,,,,,,,,,,,,,,,,
constructora de obra civil,EUR,10,0%,0%,Unknown,,,,,,,,,0,0,0,0,0,0,0,0,0,0,10,0
constructora de proyectos y obra civil 2012 sl,EUR,,--,--,Unknown,,,,,,,,,,,,,,,,,,,,
constructora edificios,EUR,10,∞,∞,Medium,54,,,,,,,,0,10,0,0,0,10,0,10,10,0,10,10
constructora figueroa vial,EUR,,--,--,Unknown,,,,,,,,,,,,,,,,,,,,
constructora metropolitana reclamos,EUR,0,0%,0%,Unknown,,,,,,,,,0,0,0,0,0,0,0,0,0,0,0,0
constructora navarrete y diaz cumsille,EUR,,--,--,Unknown,,,,,,,,,,,,,,,,,,,,
constructora obra civil,EUR,0,0%,0%,Unknown,,,,,,,,,0,0,0,0,0,0,0,0,0,0,0,0
constructora obras viales,EUR,0,0%,0%,Unknown,,,,,,,,,0,0,0,0,0,0,0,0,0,0,0,0
constructora vial,EUR,20,0%,0%,Low,21,,,,,,,,10,40,10,30,10,20,10,10,10,10,10,10
constructora y comercializadora metropolitana,EUR,0,0%,0%,Unknown,,,,,,,,,0,0,0,0,0,0,0,0,0,0,0,0
constructora y proveedora fuentes,EUR,,--,--,Unknown,,,,,,,,,,,,,,,,,,,,
constructora y servicios,EUR,,--,--,Unknown,,,,,,,,,,,,,,,,,,,,
constructoras serviu,EUR,,--,--,Unknown,,,,,,,,,,,,,,,,,,,,
construir obras civiles,EUR,,--,--,Unknown,,,,,,,,,,,,,,,,,,,,
construmar construcciones y contratas,EUR,0,0%,0%,Unknown,,,,,,,,,0,0,0,0,0,0,0,0,0,0,0,0
consultora construccion,EUR,10,0%,-100%,Unknown,,,,,,,,,10,0,0,0,0,0,0,0,0,0,0,0
consultora de construccion,EUR,10,0%,0%,Unknown,,,,,,,,,0,10,10,0,0,0,10,0,0,0,0,0
consultoria de obras civiles,EUR,0,0%,0%,Unknown,,,,,,,,,0,0,0,0,0,0,0,0,0,0,0,0
consultoria obra civil,EUR,0,0%,0%,Unknown,,,,,,,,,0,0,0,0,0,0,0,0,0,0,0,0
consultoria y construcciones civiles,EUR,,--,--,Unknown,,,,,,,,,,,,,,,,,,,,
consultoría de proyectos de construcción,EUR,0,0%,0%,Unknown,,,,,,,,,0,0,0,0,0,0,0,0,0,0,0,0
contratista de obra civil,EUR,10,0%,0%,Unknown,,,,,,,,,0,0,0,0,0,10,10,0,0,0,0,0
contratista de obra civil albañilería,EUR,10,0%,0%,Low,14,,,,,,,,10,10,10,10,10,10,10,10,10,10,10,10
contratista de obra de construcción,EUR,10,0%,0%,Medium,43,,,,,,,,10,10,0,10,10,10,10,0,0,10,10,10
contratista obra civil,EUR,10,0%,0%,Unknown,,,,,,,,,0,0,0,0,0,10,0,0,0,0,0,0
control de costos en obras de construcción civil,EUR,0,0%,0%,Unknown,,,,,,,,,0,0,0,0,0,0,0,0,0,0,0,0
control de obra civil,EUR,10,∞,∞,Medium,57,,,,,,,,0,0,0,0,10,10,0,0,0,0,0,10
coste construccion metro cuadrado,EUR,70,0%,-44%,Medium,34,0.03,0.22,,,,,,70,70,50,70,70,110,90,110,70,50,50,50
coste construcción m2,EUR,50,25%,-29%,Medium,34,0.03,0.18,,,,,,70,50,50,70,70,50,70,70,30,40,30,50
costes construccion 2022,EUR,,--,--,Unknown,,,,,,,,,,,,,,,,,,,,
costos de construccion civil,EUR,,--,--,Unknown,,,,,,,,,,,,,,,,,,,,
costos de construccion civil 2022,EUR,,--,--,Unknown,,,,,,,,,,,,,,,,,,,,
costos de obra 2022,EUR,0,0%,0%,Unknown,,,,,,,,,0,0,0,0,0,0,0,0,0,0,0,0
costos de obra civil,EUR,10,0%,0%,Unknown,,,,,,,,,0,0,0,10,0,0,0,0,0,0,0,0
costos en construccion civil,EUR,,--,--,Unknown,,,,,,,,,,,,,,,,,,,,
costos en obras civiles,EUR,0,0%,0%,Unknown,,,,,,,,,0,0,0,0,0,0,0,0,0,0,0,0
costos unitarios construccion,EUR,10,0%,∞,Low,14,,,,,,,,0,0,0,10,0,0,0,0,0,10,0,10
costos y presupuestos en la construccion,EUR,,--,--,Unknown,,,,,,,,,,,,,,,,,,,,
costos y presupuestos en obras civiles,EUR,0,0%,0%,Unknown,,,,,,,,,0,0,0,0,0,0,0,0,0,0,0,0
cotizacion de obras civiles,EUR,10,-100%,0%,Unknown,,,,,,,,,0,0,0,0,0,0,0,0,10,10,0,0
cotizacion obra civil,EUR,0,0%,0%,Unknown,,,,,,,,,0,0,0,0,0,0,0,0,0,0,0,0
cotizar construccion piscina,EUR,0,0%,0%,Unknown,,,,,,,,,0,0,0,0,0,0,0,0,0,0,0,0
coyser construcciones y servicios sl,EUR,,--,--,Unknown,,,,,,,,,,,,,,,,,,,,
crn en edificación y obra civil,EUR,10,0%,0%,Unknown,,,,,,,,,0,0,0,0,0,0,10,0,0,0,0,0
cye construcciones sa,EUR,10,∞,∞,Low,0,,,,,,,,0,0,0,0,0,0,0,0,0,0,0,10
dafre construcciones,EUR,10,0%,0%,Unknown,,,,,,,,,0,0,0,10,0,10,10,0,0,0,0,0
dagresa vial construcciones srl,EUR,10,0%,-100%,Unknown,,,,,,,,,0,0,10,0,10,0,0,0,10,0,0,0
did construcciones,EUR,0,0%,0%,Unknown,,,,,,,,,0,0,0,0,0,0,0,0,0,0,0,0
direccion de obras y construcciones,EUR,0,0%,0%,Unknown,,,,,,,,,0,0,0,0,0,0,0,0,0,0,0,0
diseño de obra civil,EUR,0,0%,0%,Unknown,,,,,,,,,0,0,0,0,0,0,0,0,0,0,0,0
diseños y construcciones civiles,EUR,,--,--,Unknown,,,,,,,,,,,,,,,,,,,,
dominic construcciones civiles,EUR,,--,--,Unknown,,,,,,,,,,,,,,,,,,,,
economía de la construcción,EUR,10,∞,∞,Low,0,,,,,,,,0,0,0,0,10,0,0,0,0,0,0,10
ecop construcciones,EUR,10,0%,∞,Low,0,,,,,,,,0,10,0,10,0,10,0,0,10,10,10,10
edificacion en seco,EUR,10,0%,∞,High,100,,,,,,,,0,10,10,10,10,10,10,10,10,10,10,10
edificacion industrial,EUR,10,0%,0%,Unknown,,,,,,,,,0,0,10,10,0,0,0,0,0,0,0,0
edificacion residencial,EUR,0,0%,0%,Unknown,,,,,,,,,0,0,0,0,0,0,0,0,0,0,0,0
eiffage obras civiles marítimas,EUR,,--,--,Unknown,,,,,,,,,,,,,,,,,,,,
eigo construcciones,EUR,,--,--,Unknown,,,,,,,,,,,,,,,,,,,,
emo construcciones,EUR,10,∞,∞,Low,29,,,,,,,,0,0,0,0,0,0,0,0,0,0,0,10
empresa construccion civil,EUR,10,0%,0%,Unknown,,,,,,,,,0,0,0,0,0,10,0,0,0,0,0,0
empresa constructora de obras civiles,EUR,0,0%,0%,Unknown,,,,,,,,,0,0,0,0,0,0,0,0,0,0,0,0
empresa constructora obra civil,EUR,10,-100%,0%,Unknown,,,,,,,,,0,0,0,0,0,0,0,0,0,10,0,0
empresa contratista construccion,EUR,10,-100%,0%,Unknown,,,,,,,,,0,0,0,0,0,0,0,0,0,10,0,0
empresa de construccion y mantenimiento,EUR,10,0%,0%,Unknown,,,,,,,,,0,0,0,10,0,0,0,0,0,0,0,0
empresa de construcciones civiles sa,EUR,10,0%,0%,Unknown,,,,,,,,,0,0,0,0,10,0,0,0,0,0,0,0
empresa de construcción de carreteras,EUR,10,0%,∞,Low,0,,,,,,,,0,10,10,10,10,10,0,0,10,10,10,10
empresa de servicios de construcción,EUR,10,-100%,0%,Unknown,,,,,,,,,0,0,0,0,0,0,0,0,0,10,0,0
empresa obra civil,EUR,10,∞,∞,Medium,57,,,,,,,,0,10,10,0,0,0,10,10,0,0,0,10
empresas constructoras en las palmas de gran canaria,EUR,,--,--,Unknown,,,,,,,,,,,,,,,,,,,,
empresas de construccion remodelacion y mantenimiento,EUR,,--,--,Unknown,,,,,,,,,,,,,,,,,,,,
empresas de construcción buenos aires,EUR,10,-100%,-100%,Unknown,,,,,,,,,0,10,0,10,10,0,10,10,0,10,0,0
en una construcción,EUR,10,0%,0%,Unknown,,,,,,,,,0,0,10,0,0,0,0,10,0,0,0,0
erki construccion,EUR,10,0%,0%,Unknown,,,,,,,,,0,0,0,0,0,0,0,0,10,0,0,0
espina construcciones,EUR,10,0%,0%,Unknown,,,,,,,,,0,0,0,10,0,0,10,0,0,0,0,0
estimativa de cuotas del imss en la construcción de obras,EUR,,--,--,Unknown,,,,,,,,,,,,,,,,,,,,
eulogio viñal obras y construcciones sa,EUR,,--,--,Unknown,,,,,,,,,,,,,,,,,,,,
fechi construcciones,EUR,0,0%,0%,Unknown,,,,,,,,,0,0,0,0,0,0,0,0,0,0,0,0
fg constructora civil sa,EUR,0,0%,0%,Unknown,,,,,,,,,0,0,0,0,0,0,0,0,0,0,0,0
fomento construcción y contratas,EUR,,--,--,Unknown,,,,,,,,,,,,,,,,,,,,
garrucho construcciones,EUR,,--,--,Unknown,,,,,,,,,,,,,,,,,,,,
general de construcciones civiles,EUR,10,0%,0%,Unknown,,,,,,,,,0,10,0,0,0,0,0,0,0,0,0,0
gestion de proyectos de obras civiles,EUR,10,0%,0%,Unknown,,,,,,,,,0,0,0,10,0,10,0,0,0,0,0,0
grupo de arquitectura y obra civil,EUR,,--,--,Unknown,,,,,,,,,,,,,,,,,,,,
gumac construcciones,EUR,10,0%,0%,Unknown,,,,,,,,,0,0,0,0,0,0,10,0,0,0,0,0
gyc construcciones,EUR,10,∞,∞,Low,0,,,,,,,,10,10,0,10,10,10,0,0,10,0,0,10
gyc construcciones sa,EUR,10,0%,0%,Unknown,,,,,,,,,0,0,0,0,10,0,10,0,10,0,0,0
gym ingeniería y construcción,EUR,10,0%,0%,Unknown,,,,,,,,,10,0,0,0,10,0,0,0,0,0,0,0
hipermercado de la construccion,EUR,10,0%,0%,Low,0,,,,,,,,10,10,10,10,10,10,10,0,10,10,10,10
iguar construcciones,EUR,,--,--,Unknown,,,,,,,,,,,,,,,,,,,,
industrial de construcciones mexicanas,EUR,,--,--,Unknown,,,,,,,,,,,,,,,,,,,,
ing civil construccion,EUR,10,∞,0%,Low,0,,,,,,,,10,20,10,10,10,10,10,10,10,0,10,10
ing civil en obras civiles,EUR,10,0%,0%,Unknown,,,,,,,,,0,0,0,0,10,0,0,0,0,0,0,0
ing en obras civiles,EUR,10,0%,0%,Unknown,,,,,,,,,0,0,10,0,10,0,0,0,0,0,10,0
ingenieria civil construccion y gestion,EUR,,--,--,Unknown,,,,,,,,,,,,,,,,,,,,
ingenieria civil montajes sa,EUR,,--,--,Unknown,,,,,,,,,,,,,,,,,,,,
ingenieria civil para constructores civiles,EUR,,--,--,Unknown,,,,,,,,,,,,,,,,,,,,
ingenieria de obra,EUR,10,-100%,0%,Unknown,,,,,,,,,0,10,10,0,0,0,0,0,0,10,0,0
ingenieria de obra civil,EUR,10,0%,0%,Unknown,,,,,,,,,0,0,0,0,0,0,10,0,10,0,0,0
ingenieria en construccion civil santo tomas,EUR,,--,--,Unknown,,,,,,,,,,,,,,,,,,,,
ingenieria en construccion universidades,EUR,0,0%,0%,Unknown,,,,,,,,,0,0,0,0,0,0,0,0,0,0,0,0
ingeniero construcción,EUR,10,-100%,-100%,Unknown,,,,,,,,,0,10,0,0,10,0,10,10,0,10,10,0
ingeniero constructor civil,EUR,0,0%,0%,Unknown,,,,,,,,,0,0,0,0,0,0,0,0,0,0,0,0
ingeniero constructor egresado,EUR,,--,--,Unknown,,,,,,,,,,,,,,,,,,,,
ingeniero constructor recien titulado,EUR,,--,--,Unknown,,,,,,,,,,,,,,,,,,,,
ingeniero constructor trainee,EUR,,--,--,Unknown,,,,,,,,,,,,,,,,,,,,
ingeniero de construccion civil,EUR,,--,--,Unknown,,,,,,,,,,,,,,,,,,,,
ingeniero de edificacion,EUR,10,0%,0%,Unknown,,,,,,,,,0,0,10,10,0,0,0,0,0,0,0,0
ingeniero de la edificacion,EUR,10,-100%,0%,Unknown,,,,,,,,,0,10,0,0,10,0,10,0,0,10,0,0
ingeniero de obra,EUR,10,0%,0%,Low,32,,,,,,,,10,10,10,0,10,10,0,0,10,10,0,10
ingeniero edificacion,EUR,0,0%,0%,Unknown,,,,,,,,,0,0,0,0,0,0,0,0,0,0,0,0
ingeniero en edificacion,EUR,10,0%,0%,Unknown,,,,,,,,,0,0,10,0,0,0,0,0,0,0,0,0
ingeniero en obra,EUR,10,0%,0%,Low,0,,,,,,,,10,10,10,10,0,0,10,10,10,10,10,10
ingeniero en topografia y construccion,EUR,,--,--,Unknown,,,,,,,,,,,,,,,,,,,,
ingeniero industrial en obras civiles,EUR,0,0%,0%,Unknown,,,,,,,,,0,0,0,0,0,0,0,0,0,0,0,0
ingeniero obras civiles,EUR,10,-100%,0%,Unknown,,,,,,,,,0,10,0,0,0,10,0,10,0,10,0,0
ingenieros de obras civiles,EUR,10,0%,0%,Unknown,,,,,,,,,0,0,0,0,0,0,10,0,10,0,0,0
ingeniería civil en construcción universidades,EUR,,--,--,Unknown,,,,,,,,,,,,,,,,,,,,
ingeniería y construcción de obra civil y eléctrica,EUR,,--,--,Unknown,,,,,,,,,,,,,,,,,,,,
instalaciones construccion,EUR,10,∞,∞,Low,0,,,,,,,,0,0,0,0,0,10,0,0,10,0,0,10
instalaciones de la construcción,EUR,10,0%,0%,Unknown,,,,,,,,,0,0,0,0,0,0,0,0,10,0,0,0
instalaciones en una construccion,EUR,10,-100%,0%,Unknown,,,,,,,,,0,0,0,0,0,0,0,0,0,10,10,0
jarquil construcción,EUR,0,0%,0%,Unknown,,,,,,,,,0,0,0,0,0,0,0,0,0,0,0,0
jhl construcciones,EUR,10,0%,0%,Unknown,,,,,,,,,10,0,0,10,0,0,0,0,0,0,0,0
jisor construcciones y servicios,EUR,,--,--,Unknown,,,,,,,,,,,,,,,,,,,,
jr mantenimiento y construccion,EUR,10,0%,0%,Unknown,,,,,,,,,0,0,0,0,0,0,0,10,0,0,0,0
jv construcciones civiles,EUR,,--,--,Unknown,,,,,,,,,,,,,,,,,,,,
la construccion civil,EUR,,--,--,Unknown,,,,,,,,,,,,,,,,,,,,
la obra civil,EUR,0,0%,0%,Unknown,,,,,,,,,0,0,0,0,0,0,0,0,0,0,0,0
la obra revestimiento y construccion,EUR,10,-100%,-100%,Unknown,,,,,,,,,10,10,10,10,10,0,0,0,0,10,0,0
la obra revestimientos y construcción,EUR,10,-100%,-100%,Unknown,,,,,,,,,10,10,10,10,10,0,0,0,0,10,0,0
las construcciones,EUR,10,0%,0%,Low,0,,,,,,,,10,10,10,0,0,10,0,10,10,10,10,10
lopesan asfaltos y construcciones,EUR,0,0%,0%,Unknown,,,,,,,,,0,0,0,0,0,0,0,0,0,0,0,0
lopez cao construcciones,EUR,,--,--,Unknown,,,,,,,,,,,,,,,,,,,,
m2 de construcción,EUR,40,33%,33%,Low,31,0.03,0.17,,,,,,50,50,50,40,50,40,50,50,30,30,30,40
m2 obras civiles,EUR,10,0%,0%,Unknown,,,,,,,,,0,10,0,0,0,0,0,0,0,0,0,0
maiolo construcciones y servicios,EUR,10,∞,0%,Low,0,,,,,,,,0,0,0,10,0,10,10,0,0,0,10,10
mantenimiento de construcciones,EUR,0,0%,0%,Unknown,,,,,,,,,0,0,0,0,0,0,0,0,0,0,0,0
mantenimiento de equipos de construccion,EUR,0,0%,0%,Unknown,,,,,,,,,0,0,0,0,0,0,0,0,0,0,0,0
mantenimiento de trompo mezclador,EUR,10,-100%,0%,Unknown,,,,,,,,,0,0,0,0,0,0,0,0,0,10,0,0
mar edificacion,EUR,0,0%,0%,Unknown,,,,,,,,,0,0,0,0,0,0,0,0,0,0,0,0
maralto construcciones y servicios sociedad limitada,EUR,,--,--,Unknown,,,,,,,,,,,,,,,,,,,,
mario huertas construcciones,EUR,,--,--,Unknown,,,,,,,,,,,,,,,,,,,,
maruquesa construcciones,EUR,,--,--,Unknown,,,,,,,,,,,,,,,,,,,,
mcm construcciones y servicios,EUR,0,0%,0%,Unknown,,,,,,,,,0,0,0,0,0,0,0,0,0,0,0,0
mco construcciones,EUR,0,0%,0%,Unknown,,,,,,,,,0,0,0,0,0,0,0,0,0,0,0,0
mercadal arquitectura y construccion limitada,EUR,0,0%,0%,Unknown,,,,,,,,,0,0,0,0,0,0,0,0,0,0,0,0
metro construcciones,EUR,10,∞,∞,Low,0,,,,,,,,0,0,0,0,0,0,10,0,0,0,0,10
metro de construcción terminado,EUR,10,0%,0%,Low,24,,,,,,,,10,10,0,0,10,10,0,10,10,10,10,10
metro lineal construcciones,EUR,10,0%,0%,Unknown,,,,,,,,,0,10,0,10,0,0,10,0,0,0,0,0
mh construcciones y servicios,EUR,10,∞,0%,Low,29,,,,,,,,0,0,10,0,0,0,0,0,0,0,10,10
milicic construcciones y servicios,EUR,10,0%,0%,Unknown,,,,,,,,,10,0,0,0,0,10,0,0,0,0,0,0
mirc construccion y mantenimiento,EUR,,--,--,Unknown,,,,,,,,,,,,,,,,,,,,
mogacon construcciones civiles,EUR,10,0%,0%,Unknown,,,,,,,,,0,0,0,0,0,10,0,0,0,0,0,0
montajes y obra civil sa,EUR,10,0%,0%,Unknown,,,,,,,,,0,0,0,0,0,10,0,0,0,0,0,0
mundo construcciones santa fe,EUR,10,-100%,0%,Unknown,,,,,,,,,0,0,10,10,0,10,0,0,0,10,0,0
murat construccion y mantenimiento,EUR,0,0%,0%,Unknown,,,,,,,,,0,0,0,0,0,0,0,0,0,0,0,0
necesito constructor civil,EUR,,--,--,Unknown,,,,,,,,,,,,,,,,,,,,
niro construcciones sa,EUR,0,0%,0%,Unknown,,,,,,,,,0,0,0,0,0,0,0,0,0,0,0,0
obra civil construccion,EUR,10,0%,-100%,Unknown,,,,,,,,,10,10,0,0,10,10,0,0,10,0,10,0
obra civil de baja california,EUR,,--,--,Unknown,,,,,,,,,,,,,,,,,,,,
obra civil de una empresa,EUR,0,0%,0%,Unknown,,,,,,,,,0,0,0,0,0,0,0,0,0,0,0,0
obra civil electrica,EUR,10,-100%,0%,Unknown,,,,,,,,,0,0,10,0,0,0,0,0,0,10,0,0
obra civil industrial,EUR,10,0%,-100%,Unknown,,,,,,,,,0,0,0,10,0,0,10,0,0,0,0,0
obra civil inteligente,EUR,,--,--,Unknown,,,,,,,,,,,,,,,,,,,,
obra civil menor,EUR,10,0%,0%,Unknown,,,,,,,,,0,0,0,0,0,0,0,0,0,0,10,0
obra civil parque eolico,EUR,0,0%,0%,Unknown,,,,,,,,,0,0,0,0,0,0,0,0,0,0,0,0
obra civil planta fotovoltaica,EUR,,--,--,Unknown,,,,,,,,,,,,,,,,,,,,
obra civil profesional sl,EUR,,--,--,Unknown,,,,,,,,,,,,,,,,,,,,
obra civil y construcciones de un proyecto,EUR,10,0%,0%,Unknown,,,,,,,,,0,10,0,0,0,0,0,0,0,0,10,0
obra civil y construcciones de una empresa,EUR,10,0%,0%,Unknown,,,,,,,,,0,0,10,0,0,0,0,0,0,0,0,0
obra civil y edificación,EUR,,--,--,Unknown,,,,,,,,,,,,,,,,,,,,
obra civil y montajes task,EUR,10,0%,0%,Unknown,,,,,,,,,0,0,0,0,0,0,0,0,10,0,0,0
obra gris construccion,EUR,10,∞,0%,Low,0,,,,,,,,10,10,0,10,10,10,10,10,0,0,10,10
obra gris steel framing,EUR,10,0%,0%,Low,10,,,,,,,,10,10,10,10,10,20,10,10,10,10,10,10
obra seca constructora,EUR,10,-100%,0%,Unknown,,,,,,,,,0,0,0,10,0,0,10,0,0,10,10,0
obra social de peluquerias estetica y afines,EUR,10,-100%,-100%,Unknown,,,,,,,,,10,10,10,10,10,10,10,10,10,10,10,0
obra social sac,EUR,10,0%,∞,Medium,43,,,,,,,,10,10,10,10,10,10,0,10,0,10,0,10
obras civiles de infraestructura,EUR,10,∞,∞,High,86,,,,,,,,0,10,0,0,0,0,10,10,0,0,0,10
obras civiles e hidraulicas,EUR,10,0%,0%,Unknown,,,,,,,,,0,0,0,0,0,0,0,10,0,0,0,0
obras civiles electricas,EUR,10,-100%,0%,Unknown,,,,,,,,,0,0,10,0,0,0,0,0,0,10,0,0
obras civiles hidraulicas,EUR,0,0%,0%,Unknown,,,,,,,,,0,0,0,0,0,0,0,0,0,0,0,0
obras civiles sa,EUR,10,0%,∞,Low,4,,,,,,,,10,10,10,10,10,10,0,0,0,10,10,10
obras de constructora,EUR,0,0%,0%,Unknown,,,,,,,,,0,0,0,0,0,0,0,0,0,0,0,0
obras de edificacion,EUR,10,∞,∞,Medium,43,,,,,,,,0,0,0,0,0,10,0,0,0,0,0,10
obras de ing civil,EUR,10,∞,0%,Low,29,,,,,,,,0,10,10,10,10,10,10,10,10,0,10,10
obras de servicio,EUR,10,0%,0%,Unknown,,,,,,,,,0,0,0,0,10,0,0,0,0,0,0,0
obras hidraulicas ingenieria civil,EUR,0,0%,0%,Unknown,,,,,,,,,0,0,0,0,0,0,0,0,0,0,0,0
obras previas construccion,EUR,,--,--,Unknown,,,,,,,,,,,,,,,,,,,,
obras provisionales en construccion,EUR,,--,--,Unknown,,,,,,,,,,,,,,,,,,,,
obras publicas municipal,EUR,10,0%,0%,Low,0,,,,,,,,10,0,0,10,10,10,0,0,10,10,10,10
obras públicas pdf,EUR,10,0%,0%,Unknown,,,,,,,,,0,10,0,0,0,0,0,0,0,0,0,0
obras sanitarias san nicolas,EUR,0,0%,0%,Unknown,,,,,,,,,0,0,0,0,0,0,0,0,0,0,0,0
obras y construcciones,EUR,10,0%,0%,Unknown,,,,,,,,,10,0,0,0,0,10,10,10,10,0,10,0
obras y construcciones civiles,EUR,,--,--,Unknown,,,,,,,,,,,,,,,,,,,,
obras y construcciones civiles sa,EUR,,--,--,Unknown,,,,,,,,,,,,,,,,,,,,
obras y proyectos ingenieria sas,EUR,,--,--,Unknown,,,,,,,,,,,,,,,,,,,,
oficina de proyectos de construcción,EUR,0,0%,0%,Unknown,,,,,,,,,0,0,0,0,0,0,0,0,0,0,0,0
ordenes construcciones,EUR,0,0%,-100%,Unknown,,,,,,,,,0,0,0,0,0,0,0,0,0,0,0,0
orler servicios y construcciones,EUR,,--,--,Unknown,,,,,,,,,,,,,,,,,,,,
permiso de edificacion obra nueva,EUR,10,-100%,0%,Unknown,,,,,,,,,10,0,0,0,0,0,0,0,0,10,0,0
permiso de obra nueva,EUR,10,-100%,0%,Unknown,,,,,,,,,0,0,0,0,0,0,0,0,0,10,10,0
permiso edificacion obra nueva,EUR,0,0%,0%,Unknown,,,,,,,,,0,0,0,0,0,0,0,0,0,0,0,0
permiso obra nueva,EUR,10,0%,0%,Unknown,,,,,,,,,0,0,0,0,0,0,0,10,0,0,0,0
pintura en obras de construcción,EUR,10,0%,0%,Low,0,,,,,,,,10,10,0,0,0,0,0,0,0,10,0,10
pintura industrial en construcción,EUR,0,0%,0%,Unknown,,,,,,,,,0,0,0,0,0,0,0,0,0,0,0,0
piscina de construcción,EUR,0,0%,0%,Unknown,,,,,,,,,0,0,0,0,0,0,0,0,0,0,0,0
piscina gunitada precio,EUR,,--,--,Unknown,,,,,,,,,,,,,,,,,,,,
piscina proyectada,EUR,0,0%,0%,Unknown,,,,,,,,,0,0,0,0,0,0,0,0,0,0,0,0
piscinas elevadas de hormigón precios,EUR,0,0%,0%,Unknown,,,,,,,,,0,0,0,0,0,0,0,0,0,0,0,0
precio construccion obra nueva,EUR,10,0%,0%,Unknown,,,,,,,,,0,0,10,0,0,0,0,0,0,0,0,0
precio construcción chalet,EUR,0,0%,0%,Unknown,,,,,,,,,0,0,0,0,0,0,0,0,0,0,0,0
precio de construccion por m2,EUR,50,-57%,-40%,Medium,51,0.06,0.17,,,,,,40,40,30,90,70,90,90,70,30,70,40,30
precio de m2 de construccion,EUR,40,25%,25%,Medium,36,0.03,0.15,,,,,,30,40,30,50,50,30,40,40,30,40,30,50
precio m2 construccion obra nueva,EUR,0,0%,0%,Unknown,,,,,,,,,0,0,0,0,0,0,0,0,0,0,0,0
precio m2 construcción 2021,EUR,0,0%,0%,Unknown,,,,,,,,,0,0,0,0,0,0,0,0,0,0,0,0
precio m2 obra gris,EUR,10,0%,0%,Unknown,,,,,,,,,0,10,0,10,10,10,10,0,0,0,10,0
precio m2 obra nueva,EUR,10,0%,-100%,Unknown,,,,,,,,,0,0,0,10,10,0,0,0,0,0,0,0
precio metro cuadrado obra nueva,EUR,0,0%,0%,Unknown,,,,,,,,,0,0,0,0,0,0,0,0,0,0,0,0
precio metros cuadrados de construccion,EUR,590,-19%,-19%,Low,29,0.05,0.18,,,,,,480,480,480,720,720,720,720,590,480,590,480,480
precio obra civil,EUR,10,-100%,0%,Unknown,,,,,,,,,0,0,0,0,0,0,0,0,0,10,0,0
precio unitarios de construccion 2022,EUR,0,0%,0%,Unknown,,,,,,,,,0,0,0,0,0,0,0,0,0,0,0,0
precios actualizados de construcción,EUR,10,-100%,-100%,Unknown,,,,,,,,,10,0,10,10,10,10,10,10,10,10,10,0
precios de construccion civil,EUR,,--,--,Unknown,,,,,,,,,,,,,,,,,,,,
precios de construccion civil 2022,EUR,,--,--,Unknown,,,,,,,,,,,,,,,,,,,,
precios de la construccion,EUR,110,-18%,-36%,Medium,50,0.07,0.19,,,,,,140,140,110,170,110,110,140,110,90,110,90,90
precios de la construccion uocra,EUR,10,0%,0%,Low,14,,,,,,,,10,10,10,10,10,10,10,10,10,10,10,10
precios de obra civil,EUR,10,-100%,0%,Unknown,,,,,,,,,0,0,0,0,0,0,0,0,0,10,0,0
precios de obra civil 2021,EUR,,--,--,Unknown,,,,,,,,,,,,,,,,,,,,
precios de obra civil 2022,EUR,0,0%,0%,Unknown,,,,,,,,,0,0,0,0,0,0,0,0,0,0,0,0
precios obra civil 2022,EUR,,--,--,Unknown,,,,,,,,,,,,,,,,,,,,
precios unitarios 2022 construccion,EUR,,--,--,Unknown,,,,,,,,,,,,,,,,,,,,
precios unitarios construccion,EUR,10,0%,0%,Low,0,,,,,,,,0,0,0,0,10,10,10,10,10,10,0,10
precios unitarios construccion 2022,EUR,,--,--,Unknown,,,,,,,,,,,,,,,,,,,,
precios unitarios de construcción 2021,EUR,10,0%,0%,Unknown,,,,,,,,,10,0,0,0,0,0,0,0,0,0,0,0
precios unitarios de obra civil,EUR,,--,--,Unknown,,,,,,,,,,,,,,,,,,,,
precios unitarios obra civil,EUR,0,0%,0%,Unknown,,,,,,,,,0,0,0,0,0,0,0,0,0,0,0,0
presupuesto construccion 2022,EUR,0,0%,0%,Unknown,,,,,,,,,0,0,0,0,0,0,0,0,0,0,0,0
presupuesto construcción 2022,EUR,0,0%,0%,Unknown,,,,,,,,,0,0,0,0,0,0,0,0,0,0,0,0
presupuesto de construcción 2021,EUR,0,0%,0%,Unknown,,,,,,,,,0,0,0,0,0,0,0,0,0,0,0,0
presupuesto de construcción 2022,EUR,0,0%,0%,Unknown,,,,,,,,,0,0,0,0,0,0,0,0,0,0,0,0
presupuesto de obra casa habitacion,EUR,,--,--,Unknown,,,,,,,,,,,,,,,,,,,,
presupuesto de obra civil,EUR,10,0%,0%,Unknown,,,,,,,,,0,10,0,0,10,0,0,0,0,0,0,0
presupuesto de obra de construccion,EUR,10,∞,0%,Low,29,,,,,,,,10,10,10,10,10,10,10,10,10,0,10,10
presupuesto de piscina de obra,EUR,10,0%,0%,Unknown,,,,,,,,,10,10,0,0,0,0,0,10,0,0,10,0
presupuesto detallado construcción casa,EUR,0,0%,0%,Unknown,,,,,,,,,0,0,0,0,0,0,0,0,0,0,0,0
presupuesto en construccion civil,EUR,,--,--,Unknown,,,,,,,,,,,,,,,,,,,,
presupuesto en obras civiles,EUR,10,∞,∞,High,71,,,,,,,,0,0,0,0,0,0,0,0,0,0,10,10
presupuesto para construccion,EUR,10,∞,∞,High,76,,,,,,,,0,0,10,10,10,10,0,10,0,0,0,10
presupuesto para construcción de una casa,EUR,10,-100%,-100%,Unknown,,,,,,,,,0,0,0,10,10,0,0,0,0,10,10,0
procesos de una obra de construccion,EUR,10,∞,0%,Low,14,,,,,,,,10,10,0,0,10,0,10,0,10,0,0,10
procesos y tecnicas de construccion,EUR,10,0%,0%,Unknown,,,,,,,,,0,10,0,0,0,0,10,0,0,0,0,0
procsa construcciones,EUR,,--,--,Unknown,,,,,,,,,,,,,,,,,,,,
proimancha,EUR,0,0%,0%,Unknown,,,,,,,,,0,0,0,0,0,0,0,0,0,0,0,0
proveedora para la construccion regiomontana,EUR,,--,--,Unknown,,,,,,,,,,,,,,,,,,,,
proyecta construccion,EUR,10,0%,0%,Low,30,,,,,,,,10,10,0,10,10,0,10,0,10,10,10,10
proyecta ingenieros civiles,EUR,10,0%,0%,Unknown,,,,,,,,,10,0,0,0,0,0,0,0,0,0,0,0
proyecto construccion casa,EUR,0,0%,0%,Unknown,,,,,,,,,0,0,0,0,0,0,0,0,0,0,0,0
proyecto de construccion de una casa,EUR,10,0%,-100%,Unknown,,,,,,,,,0,0,0,0,0,0,0,10,0,0,0,0
proyecto de construcción civil,EUR,0,0%,0%,Unknown,,,,,,,,,0,0,0,0,0,0,0,0,0,0,0,0
proyecto de construcción de carreteras,EUR,10,0%,0%,Unknown,,,,,,,,,0,0,0,0,0,0,0,0,0,0,10,0
proyecto de construcción de viviendas,EUR,10,0%,0%,Unknown,,,,,,,,,0,0,0,0,0,10,0,0,0,0,0,0
proyectos de construccion civil,EUR,0,0%,0%,Unknown,,,,,,,,,0,0,0,0,0,0,0,0,0,0,0,0
proyectos de construcción 2022,EUR,,--,--,Unknown,,,,,,,,,,,,,,,,,,,,
proyectos de construcción en chiriquí,EUR,,--,--,Unknown,,,,,,,,,,,,,,,,,,,,
proyectos de obra,EUR,10,0%,0%,Medium,48,,,,,,,,10,10,0,10,10,10,10,20,10,10,10,10
proyectos de obra civil opiniones,EUR,,--,--,Unknown,,,,,,,,,,,,,,,,,,,,
proyectos en construccion armenia,EUR,,--,--,Unknown,,,,,,,,,,,,,,,,,,,,
proyectos obra civil,EUR,0,0%,0%,Unknown,,,,,,,,,0,0,0,0,0,0,0,0,0,0,0,0
proyectos y construcciones,EUR,10,0%,0%,Unknown,,,,,,,,,0,10,0,10,0,0,0,0,0,0,0,0
proyectos y construcciones sa,EUR,0,0%,0%,Unknown,,,,,,,,,0,0,0,0,0,0,0,0,0,0,0,0
puntaje de corte construccion civil,EUR,,--,--,Unknown,,,,,,,,,,,,,,,,,,,,
puntaje para construccion civil,EUR,,--,--,Unknown,,,,,,,,,,,,,,,,,,,,
quincho construccion en seco,EUR,10,0%,-50%,Low,31,0.11,0.33,,,,,,10,20,20,10,20,10,10,10,10,10,10,10
reforma jardin piscina,EUR,,--,--,Unknown,,,,,,,,,,,,,,,,,,,,
reglamento construccion,EUR,10,0%,0%,Unknown,,,,,,,,,0,0,0,0,0,0,10,10,0,0,0,0
reglamento de construccion,EUR,10,-100%,-100%,Unknown,,,,,,,,,10,0,10,10,10,10,10,10,0,10,0,0
reglamento de construcciones 2022,EUR,,--,--,Unknown,,,,,,,,,,,,,,,,,,,,
reglamento de construcción,EUR,10,-100%,-100%,Unknown,,,,,,,,,10,0,10,10,10,10,10,10,0,10,0,0
reglamento de construcción 2021,EUR,,--,--,Unknown,,,,,,,,,,,,,,,,,,,,
reglamento de construcción civil,EUR,0,0%,0%,Unknown,,,,,,,,,0,0,0,0,0,0,0,0,0,0,0,0
reglamento de construcción pdf,EUR,10,0%,0%,Unknown,,,,,,,,,0,0,0,0,10,0,0,0,0,0,0,0
reglamento de obra de construcción,EUR,10,0%,0%,Unknown,,,,,,,,,0,0,0,0,0,0,10,0,0,0,0,0
retana salas construcciones y servicios,EUR,,--,--,Unknown,,,,,,,,,,,,,,,,,,,,
sacyr construccion,EUR,10,-100%,0%,Unknown,,,,,,,,,10,0,0,0,0,0,0,10,0,10,0,0
sag construcciones,EUR,,--,--,Unknown,,,,,,,,,,,,,,,,,,,,
salas duran construcciones,EUR,,--,--,Unknown,,,,,,,,,,,,,,,,,,,,
san miguel proyectos y construcciones,EUR,0,0%,0%,Unknown,,,,,,,,,0,0,0,0,0,0,0,0,0,0,0,0
saneamiento y construccion,EUR,,--,--,Unknown,,,,,,,,,,,,,,,,,,,,
sch consultoría y construcción,EUR,0,0%,0%,Unknown,,,,,,,,,0,0,0,0,0,0,0,0,0,0,0,0
se busca constructor civil,EUR,0,0%,0%,Unknown,,,,,,,,,0,0,0,0,0,0,0,0,0,0,0,0
segura construcciones,EUR,10,-100%,-100%,Unknown,,,,,,,,,10,10,10,10,10,10,10,10,0,10,10,0
sehos construccion y servicios,EUR,0,0%,0%,Unknown,,,,,,,,,0,0,0,0,0,0,0,0,0,0,0,0
semac construcciones,EUR,10,∞,∞,Low,0,,,,,,,,10,10,0,10,10,0,0,0,0,0,0,10
sercoes obra civil,EUR,,--,--,Unknown,,,,,,,,,,,,,,,,,,,,
servicio de armado de casas prefabricadas,EUR,,--,--,Unknown,,,,,,,,,,,,,,,,,,,,
servicio de arquitectura y construccion,EUR,10,0%,0%,Unknown,,,,,,,,,0,0,0,10,10,10,0,0,0,0,0,0
servicio de construccion civil,EUR,0,0%,0%,Unknown,,,,,,,,,0,0,0,0,0,0,0,0,0,0,0,0
servicio de construccion de casas,EUR,0,0%,0%,Unknown,,,,,,,,,0,0,0,0,0,0,0,0,0,0,0,0
servicio de obra,EUR,10,∞,∞,Medium,43,,,,,,,,10,10,10,10,0,10,0,0,0,0,10,10
servicios a la construccion,EUR,10,0%,-100%,Unknown,,,,,,,,,10,0,0,0,0,0,0,0,0,0,10,0
servicios arquitectura y construcción,EUR,0,0%,0%,Unknown,,,,,,,,,0,0,0,0,0,0,0,0,0,0,0,0
servicios construcción,EUR,10,0%,0%,High,69,0.13,0.26,,,,,,0,10,0,10,0,10,0,10,10,10,0,10
servicios de construcciones,EUR,10,0%,0%,Unknown,,,,,,,,,10,10,0,0,10,0,0,0,0,0,0,0
servicios de edificación construcción de instalaciones y mantenimiento,EUR,,--,--,Unknown,,,,,,,,,,,,,,,,,,,,
servicios de ingeniería y construcción,EUR,10,0%,0%,Unknown,,,,,,,,,0,0,0,0,10,10,0,0,0,0,0,0
servicios de la construcción,EUR,10,0%,-100%,Unknown,,,,,,,,,0,0,0,10,0,0,10,0,0,0,0,0
servicios de una empresa de construccion,EUR,10,-100%,0%,Unknown,,,,,,,,,0,0,0,0,0,10,0,0,0,10,0,0
servicios generales de construccion,EUR,10,0%,0%,Unknown,,,,,,,,,0,0,0,0,0,0,10,0,10,0,0,0
servicios generales en construccion,EUR,,--,--,Unknown,,,,,,,,,,,,,,,,,,,,
servicios integrales de construccion,EUR,10,-100%,0%,Unknown,,,,,,,,,0,0,0,0,0,0,10,0,0,10,0,0
servicios integrales de la construccion,EUR,0,0%,0%,Unknown,,,,,,,,,0,0,0,0,0,0,0,0,0,0,0,0
servicios integrales de mantenimiento y construccion,EUR,,--,--,Unknown,,,,,,,,,,,,,,,,,,,,
servicios integrales para la construccion,EUR,10,0%,∞,Medium,57,,,,,,,,0,0,0,0,10,0,0,0,0,10,0,10
servicios osdop,EUR,10,0%,0%,Low,0,,,,,,,,10,10,10,10,10,10,10,10,10,10,10,10
servicios para la construccion,EUR,10,-100%,-100%,Unknown,,,,,,,,,10,10,10,0,10,0,0,0,10,10,0,0
servicios relacionados con la construcción,EUR,10,0%,0%,Medium,57,,,,,,,,10,10,10,10,10,10,10,0,10,10,10,10
servicios relacionados con la construcción afip,EUR,10,0%,0%,Low,0,,,,,,,,0,10,10,10,10,10,10,10,10,10,10,10
servicios y construcciones orler,EUR,0,0%,0%,Unknown,,,,,,,,,0,0,0,0,0,0,0,0,0,0,0,0
smb construcciones,EUR,,--,--,Unknown,,,,,,,,,,,,,,,,,,,,
sobre construcción,EUR,0,0%,0%,Unknown,,,,,,,,,0,0,0,0,0,0,0,0,0,0,0,0
sunafil construccion civil,EUR,,--,--,Unknown,,,,,,,,,,,,,,,,,,,,
supervisión de obra de construcción,EUR,10,0%,0%,Unknown,,,,,,,,,0,0,0,0,10,0,10,0,0,0,0,0
supervisión de proyectos de construcción,EUR,0,0%,0%,Unknown,,,,,,,,,0,0,0,0,0,0,0,0,0,0,0,0
tecnicas de construcción,EUR,10,0%,0%,Low,14,,,,,,,,10,10,10,0,10,10,10,10,10,10,10,10
tecnisud,EUR,10,∞,0%,Low,0,,,,,,,,10,0,0,10,0,0,10,0,10,0,0,10
terra construcciones buenos aires,EUR,10,0%,0%,Unknown,,,,,,,,,0,10,0,10,10,0,20,10,10,0,10,0
tiempo de ejecución de una obra de construcción,EUR,10,0%,0%,Unknown,,,,,,,,,0,0,10,0,0,0,0,0,0,0,0,0
tipos de construcción civil,EUR,10,-100%,0%,Unknown,,,,,,,,,0,10,10,0,10,10,0,0,0,10,0,0
tipos de obra de construcción,EUR,10,0%,0%,Unknown,,,,,,,,,10,0,10,0,10,10,10,10,0,0,10,0
toberal constructora,EUR,,--,--,Unknown,,,,,,,,,,,,,,,,,,,,
top service construcciones,EUR,10,0%,0%,Unknown,,,,,,,,,0,0,0,0,0,0,10,0,0,0,0,0
topografia de obra,EUR,10,0%,0%,Unknown,,,,,,,,,0,10,0,0,10,10,0,10,0,0,0,0
topografia en construccion civil,EUR,10,0%,0%,Unknown,,,,,,,,,0,0,0,0,0,0,0,0,10,0,0,0
topografia en obra civil,EUR,10,0%,0%,Unknown,,,,,,,,,0,0,0,0,10,10,0,0,0,0,0,0
técnico en construcción argentina,EUR,10,∞,0%,High,100,,,,,,,,10,10,0,10,10,10,10,10,10,0,10,10
técnico en construcción civil capeco,EUR,,--,--,Unknown,,,,,,,,,,,,,,,,,,,,
técnico en obras civiles,EUR,10,0%,-100%,Unknown,,,,,,,,,0,0,0,0,0,10,0,0,0,0,10,0
técnico medio en construcción civil,EUR,,--,--,Unknown,,,,,,,,,,,,,,,,,,,,
u mayor construccion civil,EUR,,--,--,Unknown,,,,,,,,,,,,,,,,,,,,
urbial de obra civil,EUR,,--,--,Unknown,,,,,,,,,,,,,,,,,,,,
vega construcciones,EUR,10,0%,0%,Low,7,,,,,,,,10,10,10,30,10,10,10,10,10,10,10,10
vialmani construcciones,EUR,10,0%,-100%,Unknown,,,,,,,,,0,0,10,10,0,10,0,0,0,0,10,0
vidogar construcciones sa,EUR,10,0%,0%,Unknown,,,,,,,,,10,0,0,0,0,0,0,0,0,0,0,0
villanueva construcciones,EUR,10,0%,∞,Low,0,,,,,,,,0,0,10,0,10,10,0,0,0,10,10,10
viviendas y obras civiles sa,EUR,,--,--,Unknown,,,,,,,,,,,,,,,,,,,,
www arquitectura y construccion,EUR,0,0%,0%,Unknown,,,,,,,,,0,0,0,0,0,0,0,0,0,0,0,0
www construcciones,EUR,10,-100%,0%,Unknown,,,,,,,,,0,0,0,0,0,0,10,0,0,10,0,0
yugo construcciones,EUR,0,0%,0%,Unknown,,,,,,,,,0,0,0,0,0,0,0,0,0,0,0,0
zarate construccion circunvalacion,EUR,10,∞,∞,Low,29,,,,,,,,0,0,0,0,0,0,0,0,0,0,0,10
obras y servicios de construcción,EUR,,--,--,Unknown,,,,,,,,,,,,,,,,,,,,