title,link,scraped_text
Cómo escribir una novela con el método de las 30 escenas,https://gabriellaliteraria.com/30-escenas/,"Se dice que hay escritores de brújula, libres como el viento, y escritores de mapa, gente aburrida que se sienta a marcar su camino con boli barato y feo (de esos de publicidad que nunca pintan) en vez de responder a la llamada de las musas.

Otro dicho de esos que hacen más mal que bien, sospecho.

Uno de los problemas más comunes que me cuentan escritores (sobre todo escritores noveles) es que han llegado a la mitad de su novela y andan totalmente perdidos y bloqueados. Se debe en parte a que la mitad de la novela es la parte más tediosa y aburrida, pero también es una cuestión técnica. Al principio todos nos creemos escritores de brújula, pero en realidad conozco a muy pocos autores que funcionen así. Los que conozco son extraños genios con mentes prodigiosas y memorias espeluznantes (e incluso esos, con el tiempo, se han dado cuenta de la utilidad de cierta planificación).

Y luego está ese tercer tipo: los que buscan fórmulas mágicas de superventa y tienen brújulas así de peculiares.

Hay maneras incontables de planificar una novela y ya hablé de algunas de las más conocidas aquí. Todo el que te hable de su método te dirá que es el único y el mejor, pero si tenemos en cuenta que cada persona es un cúmulo de experiencias, circunstancias y procesos de aprendizaje distintos, tiene sentido que al final lo importante sea encontrar qué método te funciona a ti. Dicho esto, esta mañana me topé con un sistema que me pareció, cuanto menos, curioso. Se trata del método 10-20-30, que también podríamos llamar el método de las capas o el método de las 30 escenas.



Ya sabéis que hay gente que se dedica a analizar las estructuras de los superventas con la esperanza de reproducir su éxito. Christine Frazier, por ejemplo, ha hecho un trabajo alucinante de estudio de las partes que componen ciertas obras de triunfo arrollador. Otra gran profesional en esto de la deconstrucción y construcción de lo literario es C. S. Lakin. Fue en su blog, Live Write Thrive, donde encontré por primera vez el concepto de escribir por capas o niveles.

cómo usar el 10-20-30

Antes de nada, una pequeña aclaración: en los talleres anglosajones es muy común que se hable de scenes, escenas, como unidades narrativas. Piensa en una escena como en el cine: algo que ocurre en un solo lugar, una sola toma con la cámara. Puede coincidir con un capítulo o puede haber varias escenas en un solo capítulo (puede hacerte la vida más fácil, no obstante, realizar una escena por capítulo, si divides en capítulos tus obras).

Lakin propone escribir una novela mediante niveles de escenas. Una vez tengamos claro en nuestra cabeza (y sobre el papel) cuál es la trama principal de nuestra obra (y Lakin tiene todo un sistema para eso también, pero vamos a resumirlo en que además de la trama básica necesitas conocer el sentido de tu novela), te toca crear las diez escenas principales de tu obra. Estas serían las diez escenas que narran la trama principal, con los personajes principales. Esas diez escenas básicas son tu primera capa o nivel.

La segunda capa estaría compuesta de subtramas. Una subtrama es algo menos fundamental para el desarrollo de la historia, pero que está estrechamente vinculada con esta: narra las acciones de los personajes secundarios, que suelen influir en el desarrollo de la trama principal de los protagonistas. Una subtrama sería, por ejemplo, la muerte de Mercucio a manos de Teobaldo en Romeo y Julieta: es algo que afecta a Romeo y al desarrollo de la obra, pero que no le ocurre directamente a él (si bien es indirectamente responsable de esta). En Las amistades peligrosas, el amor entre Cécile de Volanges y el caballero Danceny forma parte de una subtrama: no es una relación entre los dos protagonistas, pero sí que es un elemento clave para el enfrentamiento final en el que fallece el vizconde de Valmont.

Lakin propone la creación de 10 escenas más que narren las subtramas. Con esto, tendríamos ya una estructura de 20 escenas.

Y, finalmente, crearíamos 10 escenas más que servirían como escenas puente: escenas que unen a las demás y las integran en el conjunto. Son los pasillos necesarios para llevarnos de una habitación de esta gran casa novelística a otra. Imaginad, por ejemplo, todas las escenas de gente moviéndose de un lado a otro en Canción de hielo y fuego o muchas de los diálogos de carácter político en la serie de libros de Dune. También entran aquí escenas creadas para presentar personajes o mundos, o las escenas de pistas menores y conversaciones de barras de bar en las novelas clásicas de detectives.

¡Camarero! ¡Otra ronda de su mejor charla insustancial donde de repente suelte alguna pista menor pero necesaria para encontrar a un sospechoso que resultará no ser el asesino!

¡Ojo! Esto no quiere decir que en esas 10 escenas adicionales no pase nada. Muchas veces son escenas en las que se muestra el proceso de los personajes, cómo acaban reaccionando a las cosas importantes que les han ocurrido en la trama principal. Por ejemplo, si un personaje ha sido secuestrado, una de esas escenas puente sería una muestra de cómo está sobrellevando ese secuestro, el miedo y rencor (o valor temerario, según el personaje) y sus intentos de encontrar una escapatoria.

Estas 30 escenas totales pueden ordenarse de la manera que queramos, pero Lakin insiste en que deben tener en cuenta ese elemento importante que acabo de mencionar: la acción-reacción. Para crear un todo coherente, las acciones de los personajes deben aportar algo al grueso de la narración, es decir: deben tener reacciones (o ser, a su vez, reacción de algo). Si un personaje grita el nombre de su madre al viento, esto debe ser o bien una acción que tenga una reacción por algún lado, o bien una reacción a algo que ha ocurrido anteriormente (aunque ese algo se nos revele más adelante). Si un personaje principal grita el nombre de su madre al viento sin más, el efecto en el lector será un poco como el efecto que tienen los típicos capítulos de relleno sin peso que encontramos en tantas obras y series de televisión (y algunas películas independientes francesas): aburrimiento y desconcierto.

(A no ser que estés escribiendo prosa experimental o surrealista. En ese caso, continúa con tu vida como si nunca hubieras leído este artículo).

Lakin lo compara a trabajar con piedras, arena y agua. Las escenas básicas de la trama son las piedras, que vas echando en un recipiente. Vas rellenando los huecos con arena, que son las diez escenas de subtrama. Y luego le das forma a todo alcanzando todos los recovecos con un buen chorro de agua, que serían las diez escenas puente. Si buscáis un ejemplo práctico, ella lo expone aquí (en inglés, eso sí), usando su novela como base.

Puede parecer complicado, pero Lakin propone un ejercicio: leer una novela que te guste y que te haya enganchado y ver si eres capaz de dar con esos niveles de escena. No tienen por qué ser 30: a lo mejor son 25 o 42. Asegura que dicho ejercicio te ayudará en gran medida a construir tus propios niveles. En el peor de los casos, creo que es un método que, por lo menos, tendrá una estructura coherente y una trama apasionante.

Que es más de lo que podemos decir de muchos novelistas.

Es posible que, en vez de brújula y mapa, los escritores se dividan en otros dos tipos: escritores que pasan olímpicamente de pensar en la parte técnica de su novela y se limitan a escribir sin más (como ya he dicho, habrá algún genio por ahí que sea una Excelsa Excepción, pero los resultados de este acercamiento no suelen ser bonicos) y los que se obsesionan durante años con la estructura y la forma perfecta y nunca terminan su novela. Los métodos y las tácticas están bien, pero de nada sirven si no los llevamos a la práctica, que es donde realmente aprendemos.

¿Os quedáis conmigo, aquí en el camino intermedio?

He traído té, vino y bolitas de coco recubiertas de chocolate.

¡EXTRA! Puedes elegir cómo sigue este artículo. ¡Así es, puedes elegir tu próxima aventura!"
Cómo escribir una novela paso a paso,https://www.jimenaferlibro.com/post/c%C3%B3mo-escribir-una-novela-paso-a-paso,"Escribir una novela en 5, 10 o 20 pasos es lo de menos. No te ayuda. Te interesan los tipos de pasos. No hay recetas mágicas, solo patrones. Lo realmente importante es que conozcas los pasos y los uses según los vas necesitando. Te los presento a continuación, uno a uno y con alternativas posibles.





¿Cómo empezar a escribir una novela? Cada escritor tiene una manera de organizar una historia y de dar con lo que necesita. Puedes empezar desde la idea o desde el personaje. A continuación te presento un esquema para escribir paso a paso que se adapta a ti y es flexible. Por eso mismo mencionaré pasos con un número, simplemente para facilitar el orden, pero también mencionaré si puedes planificar tu novela de otra manera y marcaré aquellos pasos que son esenciales porque te ayudan a construir la novela a tu ritmo y a tu manera. Cada autor escribe de una manera. Mientras tengas muy claro lo que es imprescindible para tu proceso de escritura, podrás elegir mejor.





Lo que necesitas saber para avanzar en la escritura paso a paso de tu novela





Este artículo de mi blog es una brújula si quieres escribir una novela y no perderte en el intento. Aquí encontrarás las claves para escribir una novela con una visión práctica y ordenada.

Te propongo que no lo leas todo de un tirón. Este contenido está diseñado para que avances a tu ritmo, desarrolles cada idea por tu cuenta, paso a paso. Escribir una novela requiere desentrañar muchos aspectos, y este material te ayudará a hacerlo de forma consciente y efectiva. Por eso es necesario avanzar tal como te lo propongo, porque tengo experiencia en la enseñanza de narrativa y sé que cada pieza de la escritura de la novela requiere un tiempo.





Este contenido esencial se divide en tres partes que interaccionan y se complementan:





Este artículo, que te ofrece una visión global como punto de partida. Aquí entenderás el enfoque general para escribir tu novela paso a paso. Una video guía. Comprobarás de manera práctica todo lo que has leído. En ella encontrarás un paso a paso aún más detallado porque vamos profundizando por orden de dificultad, desde el inicio de la historia hasta su cierre, abarcaremos la estructura narrativa y las piezas básicas. Un curso de iniciación a lo fundamental sobre escribir una novela, que te proporciona una perspectiva aún más amplia sobre lo fundamental. Con este curso profundizarás en las técnicas narrativas esenciales para construir tu novela de forma sólida. Es gratuito.



Empieza aquí por esta entrada sobre cómo escribir una novela paso a paso. Luego sigue con la video guía y, si quieres avanzar más allá, acompáñate del curso. Todo el proceso está pensado para que encuentres tus propios caminos, sin fórmulas rígidas, pero con el apoyo de herramientas probadas que dan excelentes resultados a muchos escritores tanto noveles como con historias ya publicadas. Lo primordial es que tengas los criterios necesarios para poder elegir lo que necesitas en cada momento durante tu proceso de escritura.





Cómo escribir una novela paso a paso: material complementario





Como te decía, te sugiero que empieces por este artículo para tener una visión global de lo que implica escribir una novela. Es una suerte de brújula y es el primer paso de los muchos necesarios.





Aquí te encuentras con el marco teórico general y para eso tienes el índice que te ayudará a seguir los pasos de la novela. No por nada escribir una novela implica tiempo, normalmente un par de años como mínimo, si lo quieres hacer bien de manera que atrape a tus lectores. La historia es una cosa y cómo escribirla para abrazar a los lectores, otra. El arte narrativo requiere técnica. Ya llevamos unos cuantos siglos de escritura de novelas como para tener una bolsa de técnicas y herramientas que funcionan muy bien. Entonces, por favor, que tu primer paso sea este artículo sobre ""Cómo escribir una novela paso a paso"". Aquí hay mucha información, facilita su digestión leyéndolo despacio. Luego, creo que puede servirte mucho a la aplicación práctica de todo esto y para eso te facilito una videoguía y un Cuaderno de trabajo. Aquí abajo de estas líneas ya la tienes. Te acompaño en el planteamiento y escritura de tu novela. Una vez que te hayas leído este artículo, verás cómo todo empieza a encajar despacio. Pero hay más.

























Sí, hay más: un curso sobre lo fundamental para construir y escribir una novela, lo más básico de lo mucho necesario. Un curso gratuito sobre cómo escribir una novela. Tienes un curso completo con una guía muy básica sobre la construcción de la novela y sobre cómo escribirla. Son unas 10 horas de videos y con el material de trabajo de cada día. Hace parte de mi Reto Narrativo que realizo dos veces al año, ya vamos por el noveno, #RN9. Si te has suscrito a mi boletín sabrás cuándo se hace el próximo y podrás sumarte a las prácticas diarias.

Tratamos los temas siguientes:

trazar personajes y relacionarlos con la trama

la evolución de los personajes

el espacio para presentar momentos de la historia

el tiempo para los lectores

los conflictos

comienzo/desarrollo/final

trama e historia

la fuerza emocional de la novela

El programa de cada día ha sido:

Día 1 : reconocer los personajes

Día 2: cómo crear personajes secundarios que potencien tu historia

Día 3: cómo marcar el rumbo de tu novela sin recetas rígidas

Día 4: cómo estructurar el comienzo de tu novela para enganchar al lector

Día 5: cómo trazar el rumbo de tu novela y construir una estructura sólida

Día 6: cómo desarrollar tu historia y hacer crecer a tu protagonista

Día 7: cómo impulsar la novela

Día 8: guía sobre el proceso de escritura, sesión de preguntas y respuestas







Accede a este curso suscribiéndote al boletín





















Escribir una novela no es seguir un mapa. Es encontrar el pulso.

Un método narrativo para historias que no caben en fórmulas.





















Todos los pasos para escribir una novela, tu brújula para no perder el norte

¡Empecemos! Comienza por lo que te propongo a continuación. Comprobarás que la información del curso, del video y la de este artículo es complementaria la una a la otra, realmente necesitas estas tres partes para hincarle el diente a lo más básico y fundamental sobre cómo escribir una novela paso a paso.





Pasos para escribir una novela





0. Antes de empezar a escribir una novela

Ahora estás recopilando los ingredientes fundamentales para sentarte a escribir tu novela. Puede que creas que organizar la trama es perder el tiempo, pero te aseguro que tenerlo todo tan claro, te ayudará a no perderte ni bloquearte. Cada paso para una novela te acerca al momento en que te pondrás a escribir, cuando realmente empiezas la maratón. Estar preparado y con músculos fuertes, te ayudará a llegar al final con garantías. La maratón es larga, en algún momento necesitarás dar alguna vuelta para llegar allí donde necesitas llegar, puede que necesites detenerte para descubrir algo nuevo, puede que necesites respirar profundamente para llegar hasta el final. Pero no perderás el camino, que es de lo que se trata.

Te lo explico con un ejemplo. Imagina que quieres hacer un viaje hasta Tokyo. Ese es tu objetivo. ¿Pero cómo lo harás? ¿Qué necesitas? ¿De cuánto tiempo dispones? Puedes planificar el medio de transporte teniendo en cuenta tus gustos, tu tiempo, si vas solo o en compañía, de las personas que se embarcan en el viaje contigo, de las que quieres encontrar, etc.. Nada de eso le quita encanto, todo lo contrario, si sabes dónde vas y qué ruta sigues, podrás incluso dedicar tiempo a perderte allí donde te apetece hacerlo. Escribir una novela es una experiencia bastante similar, cada paso que das te acerca a tu objetivo final y no acabarás en cualquier otro lugar ni bloqueado en medio de tu proceso de escritura sin remedio porque no pierdes de vista tu camino.





Imaginemos que empiezas a escribir desde cero. Un día sientes esta certeza íntima: ¡Quiero escribir una novela!





1. Escribir una novela paso a paso: cazar la idea

Hay algo que quieres gritar al mundo en estos momentos. Esa es la idea matriz de tu novela. O tal vez hay varias, pero una de ellas te preocupa más. La idea te ha venido, la has sentido, está dentro de ti dando vueltas. Se convierte en una necesidad. Hablas de esto con más de una persona o en soledad contigo mismo durante cierto tiempo. Esta idea está presente, te abraza o te persigue, te ocupa.





También puede suceder que quieres escribir y no sabes de qué. Tienes muchas ganas, pero te quedas bloqueado. Hay algo que te importa, algo que te está llamando. Esta chispa inicial de la novela se enciende con aquello que te preocupa porque si no fuera así, no importaría. Y si no te importa, ¿para qué ponerse a escribir sobre eso?





Pero puede ser que no se te ocurra nada, entonces hay preguntas que puedes hacerte en este momento y que te ayudarán a ir al encuentro de tus ideas:

¿Qué es eso que yo veo y nadie parece ver y que quiero gritar a los cuatro vientos? ¿Qué me preocupa desde hace tiempo? ¿De qué tratan el 90% de los libros que leo? ¿Cuáles son mis obsesiones a las que no le dan importancia? ¿Qué tres cosas me encanta hacer? Gano la lotería, no tengo preocupaciones de trabajo y puedo escribir lo que me dé la gana, ¿sobre qué escribiría?



Para escribir una novela no necesitas muchas ideas, solo una. Así que si tu caso es opuesto al anterior y tienes muchas ideas y no te decides por ninguna, las preguntas que puedes hacerte son diferentes. Las respuestas pueden orientarte a las siguientes preguntas y te ayudarán a que te orientes.

Si me quitara todas esas ideas, ¿hay una sin la cual me sentiría mal o que me falta algo? Si miro el mundo a través de estas ideas, ¿cuál le da más sentido? Si me miro a mí mismo a través de esas ideas, ¿cuál me explica mejor o peor? Escribe una lista de tus ideas. ¿Cuál es la menos importante de estas ideas hoy? ¿Y luego, cuál? ¿Y después, cuál otra? Hasta ir descartando una tras otra y te quedas solo con una de ellas.

EJEMPLO:

Pongamos que la idea inicial es la enfermedad, la enfermedad de una persona que quieres. Es una enfermedad incapacitante. Vamos a desarrollar esta idea para una novela en el siguiente paso.

2. Escribir una novela paso a paso: una gran idea

Hay ideas de todos los colores y gustos. Ten en cuenta que la novela no es vida. La novela es vida elevada. La idea inicial necesita ser llamativa e interesante narrativamente hablando. Así que si la idea es un balón de fútbol vamos a darle un puntapié que lo haga alcanzar las estrellas y las nubes.

Para elevar una idea, tienes que jugar. Vas a hacer lo siguiente: te vas a imaginar tu idea en diferentes circunstancias mientras te haces la pregunta: “¿Y si...?”





Te muestro algunas opciones a partir de la idea inicial que te proponía y que era la enfermedad.





¿Y si alguien enfermo se convirtiera en el único testigo de un crimen atroz?

¿Y si alguien enfermo le salvara la vida a alguien?

¿Y si alguien enfermo decidiera pasar 100 días de fiesta y excesos?

¿Y si alguien enfermo se encontrara con el amor de su vida?

¿Y si alguien enfermo fuera un gurú mundial de la salud que se ha hecho millonario con sus postulados?

¿Y si alguien enfermo decidiera matar a todas las personas que no soporta?





Creo que puedes darte cuenta de lo que estamos haciendo, ¿verdad? Estamos sometiendo la idea a circunstancias extraordinarias. Y eso es precisamente lo que le da fuerza narrativa. Las preguntas son muchas más, obvio. No hagas menos de 30. No es una exageración, no. Es crucial explorar todas las posibilidades más allá de ti mismo. Tienes que pasarte muchas horas dejando que surjan las preguntas. Las vas apuntando en tu cuaderno de notas. Incluso puedes hacerlo sin pensar. Y cuando ya no te quedan más fuerzas, sigues un poco más. Y luego, lee todo y habrá una de esas preguntas que te llama más la atención. Esa es la que te interesa contestar para escribir tu novela.





Lo importante hasta ahora para tu novela

Puede que te saltes un paso o que ya tengas una idea. Sométela al paso 2 porque eso te ayudará a que la novela llame la atención, porque en definitiva una novela es resolver una pregunta que plantea un problema. El paso 2 es fundamental.





Puedes ampliar estos pasos de la creación de tu novela

Y para averiguar más sobre estos dos pasos, te ayuda la siguiente entrada del Blog: “La novela no es ideas”





















Y hay más, ya lo sabes. Simplemente te lo recuerdo porque aquí hay mucha información y no quiero que te pierdas nada. Puedes acceder al Reto Narrativo #RN9 donde enseño todo esto desde otro ángulo complementario. Son 8 días de clases con el material de trabajo, día a día.













Y ahora me vas a permitir una pausa para presentarte a quienes participan en mis cursos y cómo lo valoran. Porque es posible, perfectamente posible, escribir una novela sin perderse ni bloquearse ni odiarse. Lo sé porque me lo dicen los participantes del curso, que es muy diferente de lo que abunda porque es sumamente práctico.









3. Escribir una novela paso a paso: identificar el protagonista

¿Y quién cargará con esa idea y resolverá esa pregunta? Pues, precisamente tu protagonista. No puede ser cualquiera. Tiene que estar a la altura de lo que le espera. Pero no directamente desde el comienzo, claro. Un protagonista crece y los lectores con él. Ahora mismo tenemos que determinar qué tipo de personaje puede ser, por ejemplo, ¿un enfermo que se va de fiesta infinita? Total, ha perdido lo más importante, así que ya no le da miedo nada y quiere ahogarse de placer. Será muy diferente del que asesina a varias personas y no tendrá nada que ser con el gurú de la salud. Cada idea se encarna en un tipo concreto de personaje que es el que capitanea una novela determinada, aquella que quieres que sea tu libro. Y ahora te espera pasar tiempo con él o ella.





Piensa en tu idea elevada y pregúntate por quién la encarna. Cierra los ojos. Es posible que acuda alguna imagen a tu cabeza. Pero tienes que hacerte la pregunta justo antes de cerrar los ojos, ¿eh?

¿Quién encarna esta idea de ….? Deja que acuda a ti. Y luego empieza a perfilarlo. Así nos adentramos en el siguiente paso de tu manuscrito.





Si quieres una aplicación práctica de todo el proceso, lo tienes y gratis en, precisamente, en la sección Aprender gratis de mi web en estos tres cuadernos:









4. Escribir una novela paso a paso: definir el protagonista

Es posible que empieces por sus atributos físicos, su vestimenta, su sonrisa o su mirada. De alguna manera necesitas reconocerlo y eso se logra por el físico, por cómo ves a ese personaje. Ya sabes que va a resolver tu pregunta del paso 2 para dar con tu gran idea para tu manuscrito. En nuestro caso, está enfermo. Es un protagonista que lo tiene casi todo en contra.

Los protagonistas atraen a los lectores por su lucha y si bien empiezan con desventajas al principio de la novela, hay algo en ellos, una luz en su mirada que nos dice que tienen el potencial de resolver la pregunta del paso 2. Tienes que mostrar ese potencial o no despertarás la fe de los lectores en él.

El protagonista nos tiene que atraer. Imagina que entras en un bar o llegas a una fiesta. ¿Quién te atrae? Alguien que te dice algo especial. Y luego, al conocerle un poco más, te dices que es una persona que vale la pena. Pero, bien podría ser que se trate de un asesino en serie o una persona que te salvará la vida. Esos secretos se tienen que notar. Los lectores han de sentir algo por este protagonista y tener ganas de pasar toda la novela con él. Pero si es sospechoso de algo, tienes que mostrarlo. No engañes a tus lectores. Escribir una novela implica dosificar la información, no ocultarla. Jamás.

El protagonista empieza la novela de una manera y la acaba de otra. Siempre hay una evolución. Si se trata del enfermo que quiere matar a ciertas personas al final habrá matado a la mayoría, probablemente. Y algo dentro y fuera de él habrá cambiado. Tú defines el qué y eso hace parte del proceso de escritura y de cómo el protagonista se descubre a sí mismo.





Y ahora me gustaría contarte algo más sobre mi curso en el siguiente video. Luego continuamos con el paso 5 sobre escribir una novela paso a paso ocupándonos de desarrollar los personajes y profundizar en ellos.





















5. Escribir una novela paso a paso: desarrollar los personajes

El trabajo con los personajes requiere muchas horas y una curiosidad a prueba de todo, casi infinita. Es absolutamente necesario que te hagas muchas preguntas hasta descubrir los detalles más pequeños.

¿Cómo sonríe tu protagonista cuando está triste? ¿Cómo respira cuando espera algo importante? Para llegar a afinar esos aspectos, antes vas a tener que pasar mucho tiempo con cada uno de los personajes. Y te puede ayudar empezar por aquí: ¿Cómo escribir personajes inolvidables?





Lo importante hasta ahora para tu novela

Puede que hayas empezado por ver el protagonista y luego hayas ido a la idea. Puede que te hayan aparecido los dos juntos. Fuere como fuere, el desarrollo de personajes es esencial. Y una vez que has trabajado a cada uno por separado, pasas a agruparlos. ¿Quién ayuda al protagonista? ¿Quién apoya al antagonista? ¿Qué personaje de fondo le cambia la vida a uno o al otro en una breve aparición? El paso 5 es fundamental y solo llegas a él desde el paso 3, pero el orden de los pasos puede variar. Para escribir una novela tienes que considerar un orden y a la vez dejar que la intuición te guíe porque es ella la que te ayuda a reconocer tu verdad y la verdad interna de la novela. Es un equilibrio delicado que puedes lograr con práctica, probando y cometiendo errores. Si este es el método de retos y hallazgos, errores y aciertos le funciona a los escritores que publican con éxito, quizás pueda servirte a ti también mientras desarrollar tu trama.





Puedes ampliar estos pasos de la creación de tu novela

Y leer la siguiente entrada del blog “¿Cómo estar seguros al 100% de los personajes?”

También puedes llegar más lejos con ""Atrapar el corazón de los lectores""





6. Escribir una novela paso a paso: el narrador

Decide si lo cuenta el mismo protagonista u otra persona. Si eliges al protagonista, recuerda que su visión es limitada y que solo verá lo que tiene delante de sus narices o le cuenten. Si lo narra otra persona, tienes que saber si está a favor del protagonista, si se mantiene neutral o si se burla un poco de él o si puede saberlo todo de toda la historia y de cada personaje. Estas decisiones determinan el narrador de la historia.





La visión que tienes sobre la respuesta de la pregunta del paso 2 determina cómo resuelves todo esto. Tu visión es determinante. Tu visión nace de la voz narrativa, que es nada más y nada menos que tu mirada.

Si quieres contar la historia desde cerca o desde lejos. Esto es lo que decide tu voz narrativa. Una cosa es hacer la pregunta del paso 2 y dar una respuesta, pero esa respuesta nunca es del todo objetiva, depende de tu postura, de tu opinión. Por ejemplo, no es lo mismo contar la historia de un banquero como si lo admiraras a si fueras crítico. Así que a la pregunta del paso 2, tienes que agregar otra: ¿Cómo veo yo todo esto, qué emoción me suscita esta historia, cómo me siento con todo esto? No, no podíamos agregar esta respuesta a tu proceso de escritura antes porque era necesario transitar los pasos anteriores para desarrollar del todo tu visión sobre tu novela. Escribir un libro es un proceso orgánico y no implica necesariamente pasar de A a B. Lo natural requiere tiempo y a veces vueltas muy necesarias. Si buscas respuestas acertadas para preguntas narrativas, te aconsejo que vayas a dar un largo paseo y vuelvas para entender que el proceso de escritura no funciona así. Escribir una novela es un arte que tiene tanto de matemática e ingeniería como de locura con sentido sublime.

La respuesta a las preguntas ""¿Cómo veo yo todo esto, qué emoción me suscita esta historia, cómo me siento con todo esto?"" está en la manera en que cuentas la historia y el tono emocional general también. ¿Quieres que sea una historia triste o alegre? ¿Quieres vengarte? ¿Quieres ser despiadado o bondadoso? En el caso de nuestro enfermo asesino, ¿te da pena o te enorgullece?

Ahora mismo también decides el género. Puede que quieras contar el drama íntimo de este enfermo en su venganza y demostrar que es una persona buena en circunstancias terribles, entonces será un drama psicológico. Si es un thriller, ya sabemos cómo puede acabar todo y que habrá asesinatos, una venganza, una investigación. ¿Y si quieres que sea como un historia del Lejano Oeste? Un enfermo en la frontera de todo. Si es una comedia redentora, pues el enfermo no mataría a nadie porque todo le saldría mal, por ejemplo. Tu visión determina el género, la voz narrativa, el estilo y el tono. Todo esto conlleva que la forma en que narras una historia y su trama están relacionadas. En efecto, la forma en que quieres desarrollar tu novela, determina la trama. Y la trama responde a tu visión sobre la novela que quieres escribir.





Lo importante hasta ahora para tu novela

Quien narra una historia depende de su visión sobre lo que trata. Tu visión condiciona todo. Este paso puede ser el tercero, el sexto o el último. O quizás es anterior a todo porque lo tienes tan claro que te dices que quieres gritar sobre un tema de una forma determinada y muy concreta y entonces ya decides el tono, la voz narrativa, el estilo y el género sale solo.





7. Escribir una novela paso a paso: ver el camino de tu novela

Ha llegado el momento de estructurar la trama. Tienes el pistoletazo de salida con tu protagonista bien definido que se enfrenta a solucionar el paso 2 junto a otros personajes. Ahora necesitas ver dónde empieza todo y dónde acaba. Y así contemplas las partes de la novela y cómo aprovecharlas.

Este proceso empieza con el problema de la pregunta del paso 2, pero ahora necesitas definir exactamente dónde y cuándo. Y no se trata solamente del lugar geográfico y el momento exacto, que son imprescindibles, tanto como la estación del año y lo que se respira en el ambiente. Es crucial definir el clima emocional inicial de tu novela y cómo se desarrolla hasta el final. No es lo mismo un asesinato durante las fiestas de verano de tu pueblo que en la soledad del ártico, eso son dos libros completamente diferentes. No es lo mismo estar enfermo en un edificio de 40 pisos en Madrid en otoño que en una casita en el campo también en otoño. El escenario da la nota emocional del momento y es muy importante. También necesitas ver dónde, cuándo y cómo acaba tu protagonista al final. Una vez que tienes trazado el trayecto del viaje y ves muy claros el comienzo y el final, entonces puedes pasar a las etapas del viaje.









8. Escribir una novela paso a paso: empezar a construir tu novela

Hay una estructura básica que funciona muy bien y es por la que puedes empezar. Se trata de la estructura de tres actos.

Organiza la respuesta a la pregunta del paso 2 en tres partes: comienzo, desarrollo y final.

Ya sabes dónde empieza todo y dónde acaba, te lo he mencionado en el paso anterior, el número 7. Empieza por delinear esos momentos con mayor precisión. El comienzo representa un 10% de la novela y en él presentas al protagonista, su mundo y la pregunta inicial porque al protagonista le cae una pianazo encima, es su problema y lo resolverá a lo largo de la novela. En este comienzo de tu novela muestras las cartas con las que vamos a jugar.

En nuestro ejemplo, este enfermo quiere matar a varias personas. Pongamos que tiene la enfermedad por culpa de estas personas. Al principio se siente solo enfermo y rabioso. Se entera que está así por culpa de su mejor amigo y que este amigo no estaba solo. Traza su plan.

Y al final tiene que haber conseguido culminar una parte del plan. ¿Cómo se siente ahora que la historia acaba? ¿Está mejor de salud? O tal vez no ha conseguido matar a nadie, cada asesinato le ha salido mal, de mal en peor. Al final, ¿cómo está? ¿Quién es al final? ¿Qué lo diferencia del que era al principio? Ya ha acabado la partida con las cartas que nos tocaron al inicio. Ya tienes el final, que representa entre un 5% y un 10% de la novela.





9. Escribir una novela paso a paso: encajar la trama

Entre esos dos polos, el comienzo y el final, está el desarrollo. Allí es donde resuelves la pregunta del paso 2. Y solo puedes hacerlo porque conoces muy bien a tu protagonista y su mundo. Piensa en cómo el protagonista descubre sus capacidades a medida que los retos lo desafían y luego cómo implementa su nuevo yo para conquistar el mundo con nuevos retos. Sí, todo va de retos, pero a dos niveles dentro del desarrollo. Hay una primera parte en la que el protagonista no sabe todavía de qué es capaz y se dará cuenta a medida que enfrenta problemas crecientes. No valen retos de cualquier tipo. Y luego hay una segunda parte en la que ya sabe y cree que es capaz e implementa su nuevo yo a la conquista de nuevos retos. Al final pierde y gana, aprende y asume este aprendizaje. Y así llegamos al final de tu borrador.





Lo importante hasta ahora para tu novela

Ahora tienes una visión global, puedes ver el camino del protagonista. Esta visión te permite no perderte, mantener la coherencia, no bloquearte, tener una novela completa. Sabes cómo empieza todo, cómo acaba todo y cómo se alcanza el final. Ahora ya puedes empezar a trazar los detalles. Y empezarás a ocuparte de los capítulos y las escenas. Los pasos 8 y 9 son fundamentales para alcanzar el paso 7 o puedes hacerlo al revés. Aquí lo verdaderamente esencial es que tengas esta visión global muy definida para no perderte.





Puedes ampliar estos pasos de la creación de tu novela

Sigue leyendo y complementa esta información con la entrada del Blog “ La estructura de una novela""





10. Escribir una novela paso a paso: encajar la trama y las subtramas

Ya tienes el camino del protagonista, eso es el cauce principal de tu novela. Pero el protagonista no lo hace todo por su cuenta y riesgo. Y es aquí dónde entran las subtramas.

Si el cauce principal es un camino bastante recto de dificultades claras, ahora es cuando se convierte en un laberinto. Cada pasadizo secreto del laberinto es otra subtrama. Las subtramas te permiten jugar más y divertirte, darle sorpresas a tu protagonista y mostrar más las circunstancias de todo. Es como cuando vas caminando, llegas tarde y te encuentras con semáforos rojos uno tras otro y de repente alguno verde u otro amarillo porque algo o alguien los conecta y allí hay una historia. Las subtramas tienen muchos propósitos. Sirven para aumentar o rebajar la tensión, para acercarnos al protagonista permitiéndonos conocerlo más a fondo, o también para conocer la verdad del conflicto.

Cuando estás trazando subtramas, considera si te permiten que la trama principal sea más sabrosa y no olvides que tienen también en sí mismas un comienzo, un desarrollo y un final. Nunca cuentes algo y ya está. Cada aspecto que cuentas necesita un desarrollo orgánico y para que lo sea, necesita esas tres partes: presentación con el comienzo, nudo con lo que se hace para alcanzar la solución y el final con la solución del conflicto. Todo en una novela tiene esas tres partes.

Si nuestro enfermo asesino no sabe disparar una pistola, por ejemplo, se encontrará con alguien que sí sabe hacerlo y le enseñará. Quizás se trate de otro asesino o de un policía encubierto. Se conocen, practican el tiro y el asesino 2 le ayudará con su plan o el policía lo detendrá, por ejemplo.





Lo importante hasta ahora para tu novela

Considera que cada subtrama requiere un personaje nuevo, un escenario nuevo y un momento nuevo. Es una trama en pequeño que refuerza la trama principal. Este paso 10 te facilita la vida si lo trazas después de los anteriores. Aunque hay autores que van construyendo la novela de forma aparentemente desordenada o a medida que surgen las ideas, al final vas a necesitar que todo cuadre y para eso te irá bien ver la trama completa y cómo encajan las subtramas. Pero es fundamental que tengas este orden bien implantado en tu cabeza para saber cómo jugar mejor sin perderte por el camino de tu novela. Lo importante es esta visión final, global y completa antes de ponerte a escribir. La manera en que des con cada pieza de Lego no es determinante. Apunta todo y cuando creas que lo tienes, coloca todas las piezas y observa el mapa. ¿Tiene sentido? ¿Puedes ver claramente el recorrido de tu protagonista, cómo evoluciona, unos lo ayudan, otros lo perjudican y alcanza el final que buscaba? Si las respuestas son todas afirmativa, vas muy bien y estás escribiendo una novela coherente.





11. Escribir una novela paso a paso: definir los tramos de la estructura

Cada capítulo es un piso de un edificio para mostrar una parte del edificio completo. Y cada uno de esos pisos permite subir hacia otro que tiene que conducir al siguiente. ¿Cuántos pisos es el comienzo? En uno muestras al protagonista, en otro a sus amigos o apoyos, en otro vive el antagonista y sus apoyos. El conflicto es el problema al que se enfrenta tu protagonista y tiene que estar presente o sí o sí. Y ese edificio está en un lugar concreto, en un momento concreto. Dentro de cada piso pasan cosas. La novela es acción (y no me refiero a James Bond ni nada parecido). En una novela pasan cosas. Los personajes hacen cosas. Y todas y cada una de sus acciones nos lo muestran. Cada piso de este edificio simbólico tiene habitaciones y encada una sucede algo. Las habitaciones de cada piso son escenas. Cada capítulo se relaciona con el siguiente, uno impulsa al que le sigue y solo así la novela avanza. Cada capítulo de una novela es una unidad de acción y está formado por escenas.





12. Escribir una novela paso a paso: establecer lo esencial en el recorrido de la trama

Imagina las escenas como eslabones de una cadena. O como habitaciones de un piso. La imagen que te sirva más. Lo importante es que seas muy consciente de que cada una muestra una parte del trayecto del protagonista y nunca, nunca se repiten. Cada una es una habitación diferente que te ayuda a conocer el piso y lo conforman. Si nuestro protagonista está caminando de piso en piso desde la entrada del edificio hasta la azotea, pasa por cada una de las habitaciones solo una vez y sigue avanzando. Un protagonista que no avanza, detiene la historia y aburre. Muchísimo. Las escenas permiten construir capítulos y unidades de acción. Cada escena es un escalón de una escalera que sube y cada tramo es un capítulo. Las escenas son la célula de la novela.

Supongamos que estamos en el capítulo en el que nuestro enfermo se entera de la traición de sus amigos que son los causantes de su enfermedad. Es un capitulo letal. En una escena se entera de casualidad, quizás descubre algo a lo que no le había prestado atención. Esta casualidad lo conduce al descrédito. Sufre y llora, grita. En la próxima escena tiene que lidiar con esta tendencia de no ver la verdad y empieza a enfadarse. Se enfada mucho. Y en la tercera escena toma una determinación: va a asesinar a cada uno de estos supuestos amigos. El próximo capítulo será, entonces, para su plan de asesinato. Y así escribes una novela con sentido, escena a escena. capítulo a capítulo.





Lo importante hasta ahora para tu novela

Es crucial que las escenas avancen, que una conduzca a la siguiente y que formen un capítulo. Cada escena representa un comienzo, un nudo y un final dentro de cada capítulo, como un antes/durante/después de lo que quieres contar en ese capítulo. Hay autores que le ponen un título a su capítulo y luego trazan las escenas. Hay autores que trazan las escenas aleatoriamente y luego las agrupan por capítulos. Estos pasos son necesarios, pero el orden puede variar. Puede que te venga una escena completa en cualquier momento de la construcción de tu novela. Guárdala. Es mejor colocar cada escena en su sitio una vez que tienes la visión global y sabes qué vas a tratar en cada capítulo. Y además, una vez que colocas cada escena en el lugar que le corresponde, te darás cuenta de lo que te sobra y te falta para seguir adelante. Y comprobarás que tu novela tiene sentido.





Puedes ampliar estos pasos de la creación de tu novela

Y seguir aprendiendo sobre las escenas con ejemplos concretos en las siguientes entradas del Blog:









Conclusiones a tener en cuenta al crear tu novela

El orden de pasos tal cual está expuesto te sirve de guía, pero no de receta. Respeta tu manera de escribir y a la vez ten muy en cuenta qué aspectos te facilitan tu proceso de escritura, que es algo que te pertenece solo a ti. Si tienes una idea inicial muy clara y la desafías bien, tendrás una novela fuerte. Si tienes una visión clara del recorrido de tu protagonista, cada pieza encajará mejor, no te bloquearás ni te perderás. No es un proceso automático, a veces tendrás que pasarte días con una misma escena o una decisión en concreto. Escribir no es un producto que se obtiene a través de una cinta transportadora. Es un proceso orgánico y creativo que requiere tiempo. Todo esto es previo a ponerse a escribir. Si escribes a vuelapluma, está muy dentro de ti, lo sabes mejor que tu propio nombre. Si escribes con escaleta, también es un paso previo. Sin estructura no hay novela sino un cúmulo de cosas sin sentido.























"
cómo escribir una novela coral – Amaya Blanco – Talleres de ...,https://amayablanco.es/novela-coral/,"Cuando empecé a estudiar cómo escribir novela, con el acompañamiento de un novelista de la talla de Juan Gómez Bárcena, sabía que quería utilizar mi experiencia como estudiante de árabe en El Cairo, donde estuve entre 2003 y 2004.

Se me ocurrió una historia sobre una ejecutiva que iba a gestionar un hotel de lujo a Egipto y a la que le pasaban todo tipo de peripecias por el choque cultural, pero mi profesor me preguntó qué tipo de transformación iba a sufrir la protagonista y no supe qué responder.

¿La protagonista tiene que transformarse?

Pues sí, es crucial que se transforme, me enseñó, porque si no, no sería una novela, sino un conjunto de anécdotas.

Entonces quise cambiar de protagonista. Se trataría de una profesora de español a la que mandaban a la facultad de filología de El Cairo (la misma en la que había estudiado yo). Ella llegaría llena de prejuicios, pensando que iba a cambiar a los que ella consideraba unos retrasados, y terminaría por entender su cultura y darse cuenta de la riqueza que ella estaba ignorando por culpa de su soberbia.

Mejor, ya podía ponerme a escribir, tenía el esqueleto de la historia. Pero, al narrar, no solo mi protagonista empezó a cambiar, sino que el intercambio con sus alumnos, y la situación histórica que estaba viviendo Egipto, también provocaron cambios en los propios estudiantes. Dios mío, la novela se me estaba yendo de las manos. En mitad de la escritura tuvo lugar la primavera árabe.

Me acuerdo de que yo estaba sola en un hotel de Algeciras, entonces trabajaba en cooperación hispano-marroquí (de algo me habían servido mis estudios de árabe) y tuve que pasar la noche en aquella ciudad para coger el ferry a Tánger al día siguiente.

Encendí la tele para pasar el rato y vi la plaza Tahrir abarrotada de jóvenes que gritaban:

¡Abajo Mubarak!

¡Dios santo! ¡Mi novela se hacía realidad!

Se me nublaron los ojos al ver aquel sueño de tantos Egipcios, por fin, ocurría en sus calles.

Desde entonces, y cada día, seguí de cerca los acontecimientos, vi caer al dictador que tan imposible había hecho la vida de mis amigos (la mía no, porque los extranjeros tenemos otro estatus en Egipto) y lloré de alegría. Pensé: éste tiene que ser el final de mi novela.

Pero claro, yo no entendía bien lo que había ocurrido ni cómo tuvo lugar.

Así que decidí escribir a los jóvenes de la revolución, ingenua de mí. Pensé: si han hecho todo esto a través de Facebook, seguramente podrán leer mi mensaje y contestarme. Tal vez pueda hacerles algunas entrevistas.

Pero nadie respondió. En vez de eso, en televisión, vi cómo las manifestaciones pacíficas se convertían en batallas campales. Después, la cosa se complicó con ataques a las iglesias coptas. ¿Qué tenían que ver ahora los coptos?

Llamé a mis amigos, ellos tampoco entendían gran cosa, todo era muy complicado y peligroso, al parecer, estaban desapareciendo jóvenes revolucionarios, algo se había oído acerca de torturas, todo muy oscuro.

Así no puedo escribir yo nada, pensé.

Y abandoné la novela.

Necesitaba escribir sobre algo más cercano, algo que pudiera entender mejor. Lo bueno es que todas las técnicas narrativas que había aprendido con ese primer borrador ya las tenía bien engrasadas para acometer la escritura de La doble B, pero eso es otra historia.

Y ahí quedó la cosa con Egipto. Me enteré por las noticias de que, no se sabe muy bien cómo, algo que ver con el apoyo de un partido llamado los Hermanos Musulmanes, llegó al poder otro dictador más férreo y sangrante que Mubarak, Abdelfatah El-Sisi, un comandante, que sigue aún haciendo desaparecer a todo el que le contradiga.

Pero un día, dando un taller de escritura creativa en una biblioteca de Las Palmas, conocí a una chica que también había estudiado árabe en El Cairo y me recomendó La república era esto, de Alaa Al Aswani.

A medida que iba leyendo se me iban abriendo más los ojos: ésta es la novela que yo quería escribir. Sentí un gran alivio por haber sabido retirarme a tiempo ya que nunca lo habría podido hacer como él. Su autor es un periodista que vivió la primavera árabe en primera persona y que ahora está exiliado en Francia por sus críticas al régimen de Al-Sisi.

No sé qué me maravilló más, si entender por fin la historia de lo ocurrido (por dura que sea) o la forma en la que lo narra, a través de una multiplicidad de narradores que te permiten ver todas las caras de un conflicto nada sencillo.

Vamos a ver, ahora sí, las características de la novela coral a través de esta novela egipcia."
"Cómo escribir una novela, según 10 buenos novelistas",https://www.esquire.com/es/actualidad/libros/a35439166/como-escribir-novela/,"Hace mucho, mucho tiempo, en el primer confinamiento, probablemente te dijiste a ti mismo que justo ese momento, en medio de una pandemia, era el momento perfecto para concebir, tramar, escribir, revisar, reescribir, completar y publicar una novela que transformara por completo lo que creíamos que era posible expresar en la lengua española.

No lo era. Obviamente no lo fue. Ahora lo sabes. Pero incluso si un período de un año de aislamiento y ansiedad no fue ideal para tu David Foster Wallace interior, no hay mal momento para empezar a escribir. No importa realmente si todo va hacia algún sitio. Simplemente escribe algo y ve hacia dónde vas.

Para ayudarte, hemos preguntado a 10 escritores consolidados y emergentes cuáles son las reglas que utilizan para encontrar ideas, llevar las palabras a la página y convertir un primer borrador interesante en algo más sustancial.

Déjate llevar

""Gran parte de mi proceso de escritura consiste en no escribir. Paso mucho tiempo siguiendo mis intereses, bajando por los agujeros de conejo de Google y YouTube, o sumergiéndome en libros de fotografía. Siempre tengo los auriculares puestos y me encuentro garabateando letras de canciones en cuadernos. Lo que más me preocupa son los sentimientos y siempre trato de encontrar formas de mapear y expresar esos sentimientos. ¿Y qué mejor manera que seguir tus curiosidades, perseguir tus amores? Escribir, hasta cierto punto, es un acto de amor y debe tratarse como tal"".



– Caleb Azumah Nelson, autor de Open Water







""Una colección de misceláneas puede resultar de lo más interesante y sugerente más adelante""





Tomar notas, en todas partes

""Ten siempre a mano un pequeño cuaderno y un bolígrafo. Cada vez que oigas algo interesante, o tengas un pensamiento fugaz, o incluso, encuentres una palabra nueva en un libro que no conozcas, apúntalo. Una colección de misceláneas puede resultar de lo más interesante y sugerente más adelante"".

–Yiyun Li, autor de libros como Must I Go, Where Reasons End y A Thousand Years of Good Prayers





No lo complique en exceso

""Hazlo sencillo: la complejidad es el enemigo. Ponte una tarea narrativa, por ejemplo: ""Mañana tengo que escribir una escena concreta"", en lugar de ""Mañana tengo que escribir 800 palabras"". La trama puede estructurarse como: situación, complicación, nuevo equilibrio. Y esto se aplica tanto a las escenas como a los libros completos: el nuevo equilibrio es el gancho para la siguiente escena. Los verbos son muy importantes, ahí está la acción. Metaforízalos si es posible. Escribe: ""El hombre pelirrojo atravesó la puerta con el hombro""; no: ""El hombre pelirrojo de grandes hombros atravesó la puerta"".

– Giles Foden, autor de libros como Turbulence y The Last King of Scotland

Consulta la Wikipedia

""Mi consejo es que utilices el botón aleatorio de la Wikipedia como forma de generar ideas inusuales para la ficción. Cuando lo pulsas, aparece una página aleatoria -pero seleccionada- de las profundidades ocultas de Wikipedia. Puede ser una página sobre un grupo grunge de Vancouver o la Alianza Mundial de Iglesias Bautistas, o quizás Raimo Manninen, un esquiador alpino finlandés. Sigue haciendo clic en botón al azar hasta que tengas dos páginas que te interesen y luego escribe una historia que establezca una conexión entre esas páginas. Por ejemplo, podría ser una historia sobre un esquiador deprimido que encuentra a Dios en las montañas y decide bautizarse en un agujero en el hielo de un lago alpino. O, con suerte, algo mejor que eso"".



– Joe Dunthorne, autor de libros como Submarine, Wild Abandon y The Adulterants





Lee en voz alta

""Mi consejo para escribir sería: lee tu trabajo en voz alta, aunque creas que está terminado; siempre habrá algo que pueda decirse de forma más sencilla, o de una forma más clara, sobre todo si escribes diálogos"".



– Paul Mendez, poeta y autor de Rainbow Milk





Mira más allá de tu primera idea

Tu primer pensamiento nunca es el mejor. Sólo es el primero.

2. La mayoría de tus ideas son banales. Profundiza en ellas.

3. Ve y averigua cosas. Haz de la investigación un fetiche. La mayoría de las cosas que vale la pena escuchar no están ya en tu cabeza.

4. Deja de molestar a la gente con tus primeros borradores. Moléstate a ti mismo con tus primeros borradores.

5. Trabaja todos los días. No es un trabajo de aficionados.

– Andrew O'Hagan, redactor jefe de Esquire y autor de libros como La vida secreta, Mayflies, The Illuminations y Our Fathers





""El truco para escribir es fingir que no hay trucos""

No hay trucos

""El truco de la escritura es fingir que no hay trucos. Me niego a idealizar el proceso. Si lo hiciera, la inseguridad se apoderaría de mí. Estaría demasiado preocupada pensando: ¿puedo hacer esto? ¿Soy una escritora? No hay tiempo para eso. Cuanto más dramático parece el proceso -¡Oh, no puedo escribir si no llevo puesta mi boina roja! ¡Oh, sólo puedo escribir antes de que salga el sol! - más se ralentiza el proceso. Es importante, al menos para mí, poder escribir en cualquier lugar, en cualquier circunstancia. En las notas del teléfono, en la pausa del almuerzo, caminando por la calle. Nunca he dicho que esos retazos de escritura sean buenos (aunque a veces lo son). Pero estás flexionando el músculo, construyéndolo, enseñándote a ti mismo que escribir es sólo una acción. En otras palabras: deja de joder y ponte a ello"".

– Rebecca Watson, autora de Little Scratch





""Las ideas no se acumulan cortésmente en las salas de espera detrás de los documentos de Word; están en el mundo""





Distráete

""En caso de duda, dedícate a otras cosas. Aleja la escritura de la página y deja que la vida trabaje en ella tranquilamente durante un rato. Camina, cocina, pasa la aspiradora, llama a tu madre, haz un dibujo, y sin saberlo (o sabiéndolo) estarás resolviendo el problema, desmontando el cliché, refinando el giro de la frase, encontrando la palabra adecuada, y entonces vuelves a la obra, armado con este pensamiento que has estado haciendo, y el progreso está hecho. Reúne otras cosas para llevar a la página. El lenguaje, el tiempo, la experiencia"".



""El avance creativo más importante que he tenido con mi escritura fue estar en el baño de Nando's en Bromley cambiando los pantalones de mi hijo después de una explosión de caca en el pañal. Las ideas no se acumulan cortésmente en las salas de espera detrás de los documentos de Word; están en el mundo"".

– Max Porter, autor de The Death of Francis Bacon, Lanny y Grief is the Thing with Feathers





Ponte en sintonía al ponerte en tu sintonía

""Mi consejo sería 1) establecer una rutina en la que escribas al menos un par de horas cada día; 2) seguir adelante incluso cuando te sientas sin inspiración; 3) cuando estés a mitad de camino no pienses en cómo será recibido tu trabajo; 4) cuando hayas terminado un borrador reflexiona sobre él o, mejor aún, encuentra a alguien que te dé un feedback sincero; 5) prepárate para revisar, revisar y revisar.""



– Blake Morrison, poeta y autor de The Executor, The Last Weekend y And When Did You Last See Your Father?





No te castigues

""Desgraciadamente, no es un buen momento para pedirme consejo, precisamente porque ahora todo va bastante bien. No tengo que forzarme a escribir, simplemente me apetece hacerlo"". ¿Cómo ha surgido esto? Realmente no tengo ni idea, pero este raro y feliz estado de cosas es coherente con algo que dijo Víctor Hugo sobre el tema (no recuerdo dónde): cuando se puede escribir es fácil, cuando no se puede, es imposible.""



– Geoff Dyer, autor de libros como White Sands: Experiences from the Outside World, Another Great Day at Sea y Jeff in Venice





"
Todos los consejos más prácticos sobre cómo escribir una novela ...,https://www.reddit.com/r/writing/comments/1j38u8n/all_the_most_actionable_advice_on_writing_a_novel/?tl=es-419,"Hey a todos,

Estaba juntando todos los mejores consejos que conozco sobre escritura. Siéntanse libres de agregar algo o de discutir alguno de estos puntos. Noten que nada de esto viene de mí. Son solo cosas que he visto y/o probado que me han ayudado. Cada consejo viene con su fuente mencionada.

ANTES DE EMPEZAR:

Pregúntate por qué estás haciendo esto: Como cualquiera que haya escrito algo, especialmente novelas completas, te dirá, es un viaje muy largo, a menudo solitario. Este post sobre una interacción con un autor famoso es invaluable para determinar si realmente quieres embarcarte en esta aventura. Según Story Genius: How to Use Brain Science to Go Beyond Outlining and Write a Riveting Novel (Before You Waste Three Years Writing 327 Pages That Go Nowhere***)*** de Lisa Cron, lo que importa más que nada es la historia de fondo. Donde empiezas tu historia no es donde empieza la historia de tu protagonista. Ellos tienen una historia de fondo que impacta cómo el incidente inicial los afecta y explica por qué están teniendo las reacciones que están teniendo. Ahí es donde pasa la magia. Así que piensa profundamente en tus personajes antes de empezar. Recomiendo seguir sus técnicas también.

MIENTRAS ESCRIBES:

1.Si quieres escribir mejor, literalmente copia: El título lo dice todo y el hilo tiene comentarios que explican por qué esto es tan efectivo. Básicamente, si quieres escribir como los escritores que más te gustan, escribe algo de ellos durante 20 minutos todos los días o cada dos días. Puede ser a mano o a máquina. El simple hecho de hacerlo te ayuda a entender cómo escriben como escriben, y por qué. Lo he estado haciendo con los libros que planeo comparar cuando envíe mi manuscrito. Me ha dado tanta perspectiva sobre lo que más me gusta de mis escritores favoritos y también me ha ayudado a bajarlos de sus pedestales.

2. El ritmo importa: Lee a tus autores favoritos en voz alta. Ahora lee tu propio trabajo. Es una experiencia profundamente humilde, pero te ayudará con algo que poca gente te dirá: el ritmo. Puede hacer que tu escritura sea hermosa de maneras que nunca imaginaste.

3. Escucha TSNTYAW: No puedo enfatizar esto lo suficiente. Este podcast está presentado por Bianca Marais, una autora publicada, y dos agentes literarios que revisan cartas de consulta. También entrevistan a autores famosos (Coco Mellors, Claire Lombardo, Freida McFadden y muchos otros). Me ha enseñado mucho sobre la industria, pero también sobre la escritura, mientras te guían a través de los procesos de cada uno de estos autores. Ayuda mucho a entender cómo este es un viaje tan diferente para cada uno de nosotros. También te ayuda a sentirte menos solo, lo cual es importante, porque escribir una novela completa es una maratón, no una carrera de velocidad.

4. Todo aquí: Ya está dicho.

5. Opinión impopular: Deja de esperar que tus amigos y familiares te lean. No solo he aprendido a no hacerlo, sino que también me estoy dando cuenta de que activamente no deberían hacerlo. Esto no significa que no deban apoyarte: al contrario; su apoyo va a ser esencial. Pero leerte no es el camino a seguir porque sus comentarios, al final, son inútiles.

6. Tensión, tensión, tensión: La tensión dramática es lo que mantiene esas páginas girando, punto. La tensión se puede crear de muchas maneras y formas diferentes, pero ir en contra de las expectativas que estableces para tu lector e incluso las de tu protagonista es una excelente manera de hacerlo. La tensión interpersonal entre los personajes es más fácil de lograr, pero más difícil de mantener.

7. El personaje es clave: Incluso si estás escribiendo sobre hombres lobo y extraterrestres, es el personaje, no el escenario y las palabras bonitas, lo que va a impulsar tu historia. Haz que tus personajes estén bien conociendo todo lo que puedas sobre ellos y esas páginas seguirán girando. Haz que tengan agudeza psicológica, que es una comprensión de cómo otros personajes los ven y qué significa eso para ellos.

8. Trama, fantasía y exposición: Este es un punto importante. Muchos otros simplemente hacen un info-dump y explican nombres y eso te saca completamente de la escritura y del momento. Este hilo es, según mi opinión, invaluable.

9. Sobre el diálogo: Chicos, esto es enorme. Solía odiar escribir diálogos y siempre he sido conocido por mis descripciones. Crafting Dynamic Dialogue de Writer's Digest Books ha cambiado eso. Cada capítulo es de un autor publicado diferente con un trasfondo diferente. Cada punto tiene ejemplos concretos también. No puedo recomendar más este libro. Algunas notas que he tomado incluyen:

A. Lo inesperado crea tensión dramática.

B. Los hablantes necesitan imponer su agenda en sus oyentes más que decir lo que tú, como autor, crees que necesitan decir. Su agenda será más importante que el tema de conversación.

C. El diálogo que es demasiado enfocado y directo se vuelve PREDECIBLE y por lo tanto ABURRIDO.

D. El diálogo puede ser divagante, pero no en un bloque de texto y no como un monólogo.

E. La acción durante el diálogo debe contribuir a la intención del hablante.

F. No preguntes qué necesita decir el personaje. Pregunta qué necesita lograr el personaje.

G. El diálogo puede y a menudo DEBE entrar en conflicto con los pensamientos indirectos del personaje.

H. No hay intercambios de información en el diálogo, solo confrontaciones.

I. El diálogo PUEDE Y DEBE estar influenciado por la clase social y la emocionalidad. ¿Qué siente el personaje? ¿Cómo está impactando eso en su verbosidad? Además, quién está en la habitación impactará el diálogo. No hablas de la misma manera con tu padre que con tu némesis.

J. Los personajes pueden y deben tener tics del lenguaje, de lo contrario, ¿qué los hace discernibles de los demás? Si no lo hacen, solo estás escribiendo un personaje. Con los tics del lenguaje también vendrán los tics de personalidad. Sin embargo, ten mucho cuidado con los clichés y los estereotipos.

K. El diálogo está impactado por la confianza en sí mismo. ""Damelo."" Se lee muy diferente de ""Me gustaría tener eso"".

MIENTRAS EDITAS:

Antes de empezar a desmenuzarte a ti mismo y a tu trabajo, ¡tómate un descanso y felicítate! Puede que no seas un autor publicado, pero escribiste un libro y eso te convierte en un autor, así que celebra y tómate el tiempo para descansar y, más importante aún, para leer. No puedes sacar agua de un pozo vacío. Editar es desalentador. Muchos pierden su motivación en este punto y se dan por vencidos. Una cosa que encuentro muy útil es concentrarme únicamente en las cosas que me gustan. Resalta palabras, oraciones, frases, pasajes y párrafos que realmente aprecias. Luego pega todo eso en un solo documento. Léelo todo junto, incluso si no funciona como una narrativa cohesiva. Empiezas a ver lo que más te gusta de tu escritura y por qué. Trabaja con este documento en su lugar. Es mucho menos desalentador y, según mi experiencia, más útil que simplemente mover cosas que ya has hecho y cortar tu trabajo. Busca un compañero de crítica. El compañero de crítica adecuado te cambiará la vida. Son increíblemente difíciles de encontrar, pero no te rindas. Es un cambio de juego.

Para cualquier cosa sobre la etapa de consulta y después, r/PubTips es el camino a seguir. Su pestaña de recursos es oro puro. Aquí hay otro recurso: Esta hoja de cálculo (versión alternativa aquí) sobre cuánto pagan las editoriales a los autores es increíble.

Espero que esto ayude :D. Mucha suerte."
Escribir novela | Editorial Páginas de Espuma,https://paginasdeespuma.com/libro/escribir-novela-manual-para-novelistas/,"Tema y estructura. Conflicto y cambio. Narradores y personajes. Tiempo y ritmo. Espacio y ambientación. Diálogos y emociones. Planteamientos, desarrollos y clímax. Las estrategias para comenzar y terminar nuestras novelas.

Estos son solo algunos de los temas que componen este manual, confeccionado por los profesores de Escuela de Escritores (y acorde al temario de sus cursos oficiales), cuyo objetivo es que cada uno de sus lectores encuentre su propio método y tenga a su alcance toda una enorme caja de herramientas dispuestas para abordar la exigente, inexplicable y maravillosa actividad que supone escribir una novela.

Este libro está pensado por quienes creemos que siempre existe una solución técnica para contar una historia."
Cómo escribir una novela paso a paso y de forma divertida | Literautas,https://www.literautas.com/es/blog/como-escribir-una-novela-paso-a-paso-y-de-forma-divertida/,"Te presentamos la nueva propuesta de Literautas para el año 2017: un completo tutorial para escribir una novela paso a paso, como si de un juego se tratase. ¿Te apuntas?

Olvídate de las ideas preconcebidas respecto a la escritura de novelas y disfruta de cada paso de la escritura como si de un juego se tratase gracias al este completo tutorial:

También puedes echarle un vistazo al libro Cómo escribir una novela, que desarrollamos a partir de este tutorial: todo lo que necesitas para planificar y construir tu historia desde la búsqueda de la idea hasta el primer borrador, con ejemplos y ejercicios para que descubras de forma fácil y divertida cómo dar forma a tus manuscritos.

Mucho ánimo, y ¡a por todas con esa novela!"
ᐈ Cómo empezar a escribir una novela,https://www.letraminuscula.com/como-empezar-a-escribir-una-novela/,"La novela es uno de los géneros preferidos por el público de hoy. Empezar a escribir tu novela te abre las puertas a una gran oportunidad de éxito editorial.

Sin embargo, existen muchísimos autores que aún no logran comenzar a escribir su novela soñada. Algunos escritores se pasan horas y horas durante meses pensando en la trama, en los personajes, en la ambientación de la historia… y, cuando se sientan frente al ordenador, les sobreviene el bloqueo.

Quizás te sientas identificado con esta situación, o tal vez no consigas darle un buen comienzo a tu novela por otras razones. En este artículo queremos ayudarte a empezar tu novela de manera práctica.

Continúa leyendo y aprenderás a enfocarte para empezar a escribir una novela genial.

¿Cómo se puede empezar a escribir una novela?

Comenzar la escritura de una novela es uno de esos casos típicos en los que «cada autor es un mundo». Hay escritores que empiezan a escribir su novela nada más sentarse y van avanzando poco a poco hasta terminar de escribir en unos meses. Son los llamados «escritores de brújula».

También existen autores que planean de manera meticulosa cada detalle del argumento, del trasfondo de los personajes y del tono de la narración antes de escribir la primera letra, y después siguen su plan. Se los denomina «escritores de mapa».

Como maneras de comenzar a escribir una novela, ambas son válidas.

¿Cómo empezar el primer capítulo de una novela?

El comienzo de una novela puede tener muchas formas narrativas. Algunos autores comienzan con un diálogo in medias res, es decir, en mitad del asunto, como cuando entramos al cine con la película ya comenzada.

También hay escritores que empiezan su novela con un relato en orden cronológico, introduciendo al personaje principal desde el comienzo, para después avanzar hacia el conflicto central.

Estas dos formas de comenzar a escribir una novela son productivas, siempre y cuando respetes la regla de oro para empezar a escribir novelas.

Esa regla es la siguiente: debes enganchar al lector cuanto antes.

¿Cómo comenzar a escribir mi novela?

Las primeras líneas de tu novela son una de las claves para determinar si la obra tendrá éxito o no. En otras palabras, las oraciones y párrafos iniciales de la narración deben ser atractivos, deben contar algo interesante y, además, tienen que ser fáciles de leer.

Comenzar una novela con oraciones cortas sin frases subordinadas y usar lenguaje sencillo para narrar hechos impactantes son estrategias que han probado su eficacia en multitud de casos.

Pasos para empezar a escribir una novela

Ahora te contamos cuáles son los pasos que debes seguir para empezar a escribir una novela de forma metódica.

Esto te servirá para administrar con eficacia el tiempo que tengas disponible, sobre todo si dispones de pocos momentos libres para escribir tu novela.

#1. Ideas para empezar una novela

No tiene mucho sentido sentarte frente al ordenador sin ninguna idea en mente. ¿Cuál es el tema de tu novela? ¿Por qué quieres empezar a escribirla? ¿Escribes por simple moda o de verdad tienes un mensaje para transmitir a tus lectores?

Hazte estas preguntas y respóndelas con sinceridad, nadie puede saber las respuestas mejor que tú.

Escribir una novela de principio a fin es un proceso largo y complicado. Sin ideas claras no llegarás lejos.

¿Necesitas inspiración para escribir tu novela? Busca estímulos tales como otras novelas u obras de otros géneros, poemas, obras de teatro, libros de no ficción.

También puedes inspirarte en series de televisión, en películas y hasta en los periódicos de tu ciudad.

#2. Definir el protagonista de tu novela

En la literatura, las grandes ideas son encarnadas por grandes personajes. Como personaje, el Quijote es inseparable de su mundo literario, las ideas que contiene el libro no causan el mismo efecto aisladas de su protagonista.

Recuerda que un solo personaje no suele ser suficiente, salvo que estés escribiendo un monólogo.

Necesitas varios personajes con relaciones claras entre sí: pueden ser aliados o adversarios del protagonista, pueden ser sus familiares, sus compañeros de trabajo o lo que tú creas conveniente, pero tu novela debe incluirlos.

#3. Crear argumento para novela

La trama de tu novela es el desarrollo de la idea principal mediante acciones, cambios de estado que experimentan los personajes.

Los cambios pueden ser abruptos, por ejemplo, pasar de la pobreza a la riqueza, de la paz a la guerra o del amor a la indiferencia.

También pueden ser cambios más sutiles y llenos de matices. Imagina, por ejemplo, una pareja que se separa, pero debe seguir conviviendo en un mismo piso por alguna razón.

Es importante tener una idea general de la trama antes de empezar a escribir, aunque no tengas definido el desenlace de manera concreta o te falten detalles del desarrollo.

Cómo escribir los primeros párrafos de una novela

Escribir buenos primeros párrafos podría aumentar el número de ventas de tu libro. Esto no quiere decir que solo vas a escribir un buen comienzo y el resto del texto será un desastre.

No es necesario escribir los primeros párrafos de una novela el primer día. De hecho, muchos autores dejan esta parte reservada para el final del proceso, como guinda del postre.

#1. Empezar una novela en punta

Tu libro compite con la televisión, las redes sociales y las obligaciones cotidianas que se llevan gran parte de nuestro tiempo. Estos y otros estímulos pueden distraernos con mucha facilidad.

Si comienzas la narración de tu novela con un acontecimiento impactante, te aseguras una base de lectores que no podrán resistir la tentación de leer un poco más.

El hecho en cuestión puede ser el que tú quieras, siempre y cuando llame la atención de tu público objetivo.

#2. No adelantar la trama

Una gran tentación de muchos autores es revelar detalles de lo que vendrá más adelante, aun sin necesidad de hacerlo.

¡Por favor, no lo hagas! Cada parte de la trama tiene su lugar en el relato. Adelantar lo que pasará es una excelente manera de hacer que tus lectores pierdan el interés en la novela, algo que ningún autor desea.

#3. Escribir frases cortas y con gancho

Nadie quiere leer párrafos interminables donde la vista se pierde entre comas, paréntesis y otros signos de puntuación que extienden más y más las oraciones.

¿La mejor forma de empezar a escribir una novela?

La mejor manera de comenzar a escribir una novela no es única, cada autor es un mundo y no hay una mejor edad para escribir un libro. Existen muchísimas estrategias para encarar el comienzo de una narración larga, y nadie puede decir que tiene la última palabra sobre este tema.

Con todo, es posible señalar una serie de puntos fundamentales que te ayudarán muchísimo a comenzar la escritura de tu novela. Son los siguientes.

#1. Lo más importante es la planificación

Lo primero al comenzar a escribir una novela es la planificación, es decir, todo el trabajo previo a la escritura en sí misma.

No se puede escribir una novela de calidad sin un buen plan. Hasta los escritores ganadores del Nobel planifican (y mucho) antes de escribir una sola línea.

#2. Tipo de narrador

Elegir el tipo de narrador es una de las decisiones principales al comenzar una novela. ¿Será un narrador en primera o tercera persona? ¿Será un narrador testigo u omnisciente?

Cualquiera sea tu decisión, respétala a lo largo de toda la obra.

#3. Los personajes

Los personajes son el motor de tu novela. Antes de comenzar a escribir debes plantear la biografía de cada personaje, aunque no vayas a incluirla en el texto final. Usar fichas puede ayudarte muchísimo en este importante paso.

#4. Redactar tu argumento y mostrarlo a otras personas

Antes de escribir el texto de la novela en sí misma, redacta el argumento en dos, tres o cinco páginas. A mayor brevedad, más organizadas estarán tus ideas.

Muéstrale ese argumento a una persona de tu máxima confianza: un amigo, un familiar cercano, un profesor. Una opinión externa sobre lo que escribiste puede ayudarte a ver incoherencias o cabos sueltos.

#5. Solicitar informe de lectura profesional

Este paso es opcional, aunque agrega un valor increíble a tu obra. El informe de lectura es un diagnóstico personalizado sobre tu libro. Te daremos una opinión objetiva sobre el aspecto literario y el potencial de ventas de tu novela.

#6. Ambientación y documentación previa de una novela

No subestimes este paso. Si vas a escribir una novela sobre la Segunda Guerra Mundial, te convendría saber qué tecnologías militares estaban disponibles en la época, por ejemplo.

#7. Olvida los argumentos típicos

Intenta escribir una novela original, no repitas una vez más la típica historia romántica, o la historia de ciencia ficción más trillada del mundo. Aporta tu sello distintivo, dales a tus lectores algo original, algo nuevo.

#8. Enfocarse para empezar a escribir una novela

Escribir una novela a la vez es más que suficiente. Si tratas de enfocarte en dos, no podrás empezar ni terminar ninguna. Concéntrate en lo que estás escribiendo, empápate de tu historia.

#9. Hacer un plan antes de empezar a escribir una novela

Quizás el consejo más importante para comenzar la escritura de una novela es planificarlo todo. Esto no quiere decir que te obsesiones con detalles innecesarios, es algo más práctico: decide cuántas horas al día vas a dedicarle a tu novela. Establece un número de páginas, de caracteres o de palabras que escribirás cada semana.

Con un plan de estas características te resultará fácil calcular qué día terminarás de escribir tu novela.

Cómo empezar a escribir una novela que enamore a tus lectores

#1. ¿Cómo empezar a escribir una novela corta?

Las estrategias que te damos para escribir una novela larga también se aplican a novelas cortas. Además, en una novela corta debes ir al grano más rápido.

#2. Cómo escribir una novela basada en hechos reales

Si quieres evitar problemas, oculta los nombres verdaderos tras nombres ficticios.

También puedes crear un personaje basado en dos o más personas reales, y siempre conviene dramatizar un poco los hechos, ayudar a la historia real a causar más impacto.

#3. Trucos para empezar a escribir una novela

El truco más eficaz es la planificación. Con una buena agenda de trabajo serás capaz de conocer cuándo vas a terminar de escribir y qué ritmo de escritura vienes llevando.

¿Empezaste a escribir tu novela y no puedes avanzar? ¿Qué consejos les darías a tus colegas para comenzar a escribir una novela?

¡Déjanos un comentario aquí abajo!"
Cómo configurar Word para escribir nuestra novela - Abril Camino,https://abrilcamino.com/como-configurar-word-para-escribir-nuestra-novela/,"Hay una fase de la escritura de toda novela que nos pone los pelos como escarpias a todos los que tenemos un poco de experiencia: la corrección. Os lo digo yo, que soy autora pero también correctora, así que puedo dar mi visión desde los dos lados de la trinchera. Y si hay un principio que tengo muy claro, tanto como autora como en mis funciones como correctora es que «No es más limpio el que más limpia sino el que menos ensucia». Por supuesto, la corrección se compone de muchísimos factores, pero… hoy vamos a empezar por el principio.

Si vamos a tener un compañero inseparable desde el comienzo de nuestra aventura literaria, ese es, sin ninguna duda, el procesador de textos. En mi caso, utilizo Microsoft Word y creo que tengo dominados todos los trucos. Así que os voy a hablar de cómo configurar el documento que se convertirá en ese proyecto al que dedicaremos toda nuestra energía.

Un documento en blanco. El origen de toda la aventura.

Yo siempre parto de un documento principal, que es el que, después de las correcciones, será el manuscrito definitivo de la novela. Es decir, el que enviaréis a editoriales (si os decidís por la edición tradicional) o el que servirá de base para la maquetación (si decidís autopublicaros). Cuando escribí mi primera novela, no tenía ni idea de los criterios formales que debía seguir (ni de casi ninguna otra cosa, la verdad). Así que, cuando acabé de escribirla, me tocó un proceso de corrección eterno, además de un montón de cambios en la configuración del documento de texto, que me habría ahorrado si me hubiera molestado en buscar algo de información previa. En todo lo que he escrito desde entonces, el primer paso ha sido configurar el documento desde el principio, para no volverme loca luego.

¿Y cuáles son esas configuraciones? Pues las siguientes:

Interlineado doble : ¿por qué? Para empezar, porque agobia menos. Un borrador con interlineado sencillo os pone delante de la cara un montón de líneas que angustian un poco. Hay más motivos: en alguna de las fases del proceso de corrección, tendremos que corregir sobre papel; es decir, imprimir el borrador y tirar de boli rojo. Y el espacio entre líneas será el lugar donde realizar las mil anotaciones que os vendrán a la cabeza. Sí, sí, mil… tirando por bajo; si en cada proceso de corrección no os apetece corregir mil cosas es que estáis haciendo algo mal. Y, por último, porque el interlineado doble es un requisito habitual para presentar el manuscrito a editoriales, concursos literarios o, simplemente, a un corrector profesional. Ya que vamos a tener que hacerlo, mejor que sea desde el principio.

Si controláis mínimamente el procesador de textos (y, si no es el caso, mejor que os vayáis poniendo las pilas), sabréis que el interlineado no es lo mismo que la distancia entre párrafos (ambas cosas las encontraréis en el menú «Párrafo»). La distancia entre párrafos en el borrador debe ser cero. Ni espaciado anterior ni posterior. Esto nos sirve tanto para el documento principal como para las posteriores maquetaciones, así que —dado que, por defecto, suele venir activado— corred a eliminarlo.

Sangría de primera línea : su función básica es tener claro dónde empieza un párrafo, lo cual a veces puede ser confuso al haber eliminado el espaciado entre párrafos. Y, además, será otro de esos requisitos imprescindibles a la hora de enviar el manuscrito a editoriales o concursos. La que viene por defecto en el Word (1,25 cm en el mayoría de los casos) es perfecta para el documento principal. Aunque, si queréis ahorraros el paso de retocarla luego en la maquetación, podéis optar por una menor (alrededor de 0,7 o 0,8, por ejemplo).

Texto justificado : lo mismo que os he dicho en el punto anterior… Queda más mono, es el formato habitual en la presentación de manuscritos y, en general, da un aspecto más limpio al texto.

La configuración personalizada si decidís hacerme caso

Numeración de página : si tenéis dos dedos de frente, esto se os habrá ocurrido a vosotros solitos, pero hay casos de gente un poco lerda que se olvida de poner el número de página y, a la hora de registrar la novela, tiene que pasarse su media horita en la oficina de Propiedad Intelectual numerando a mano. Le pasó a una amiga… Ejem…

Tipografía de palo cruzado : las tipografías de palo cruzado son aquellas que tienen pequeños adornos en los extremos de las letras. Recordad lo de pequeños, please, no queremos letras intrincadas que hagan justo lo contrario de lo que pretendemos. ¿Y qué es lo que pretendemos? Pues que el texto sea más eye-friendly o, lo que es lo mismo, más cómodo de leer.

Todos tenemos nuestras tipografías favoritas y no suelen ser las de palo cruzado (al menos en mi caso), pero estudios muy serios y muy importantes que no me he molestado en buscar porque soy vaga, dicen que las tipografías de palo seco (Verdana, Calibri, Arial…) cansan más el ojo. Pues vale, me lo creo. Ejemplos de tipografías de palo cruzado: Garamond, Georgia, Times New Roman, Cambria… Además, por experiencia os digo que, cuando una editorial, un corrector o cualquier otro profesional del mundo editorial recibe un manuscrito con una tipografía de palo seco… su mente grita «¡Novato!» en voz muy alta.

Los diferentes tipos de letra

Hay otras configuraciones opcionales que ya dependerán de vuestro dominio del procesador de textos. Eso sí, por ir avisando de las cosas con tiempo… si sois un poco torpes tecnológicos y poco más sabéis hacer que poner negritas y dos cosas más, y si además tenéis intención de autopublicaros (con el trabajo de maquetación que implica), quizá no sería mala idea buscar un cursito de ofimática. Que además os va a ser muy útil para buscar trabajo cuando asumáis que de esto de vender libros no se puede vivir.

A lo que iba… suponiendo que tengáis un dominio medio de Word, pueden ser útiles estas otras opciones (que yo uso de forma compulsiva, por cierto):

Estilos : sí, sí, esa opción que aparece en la parte superior y a la que jamás hemos prestado atención. Yo la utilizo para algo muy simple: marcar los títulos de los capítulos y así tener el documento organizado. Porque, cuando os venga una inspiración divina y queráis añadir algo al principio del capítulo ocho, en una novela de cincuenta capítulos, va a ser más cómodo tener una tabla de contenidos que os lleve rápidamente allí a donde queréis ir antes de que la inspiración desaparezca. Además, es la única manera de configurar el índice de forma automática.

: sí, sí, esa opción que aparece en la parte superior y a la que jamás hemos prestado atención. Yo la utilizo para algo muy simple: marcar los títulos de los capítulos y así tener el documento organizado. Porque, cuando os venga una inspiración divina y queráis añadir algo al principio del capítulo ocho, en una novela de cincuenta capítulos, va a ser más cómodo tener una tabla de contenidos que os lleve rápidamente allí a donde queréis ir antes de que la inspiración desaparezca. Además, es la única manera de configurar el índice de forma automática. Comentarios al margen : lo confieso, son mi auténtico vicio. Como tengo la (malísima) costumbre de releer y releer fragmentos anteriores mientras estoy escribiendo, siempre me vienen cosas que quiero añadir, eliminar o modificar. Así que ahí tiro de comentarios al margen. Mucho ojito con esto: a la hora de enviar a editoriales o concursos, por Dios y por la Virgen, acordaos de eliminarlos todos. Yo siempre vivo en el pánico a que acaben publicados comentarios míos de tipo «Amplía esta descripción, vaga de mierda» o «¿Pero qué mierda has escrito aquí, imbécil?» (sí, me hablo fatal a mí misma).

Y con esto, más o menos, ya estaría. Al menos, lo más básico. De verdad que son pasos muy sencillos que enseguida integraréis como parte de la rutina de escritura y ni os plantearéis escribir de otra manera (yo ahora pienso que mi primera novela la escribí en Arial y me estremezco). Aunque, no os voy a mentir, habrá algunos momentos, sobre todo cuando os equivoquéis en algún paso y la tecnología os juegue una mala pasada, en que lo único que desearéis será prenderle fuego a todo."
Cómo escribir una novela: iniciación | Extensión Universitaria en ...,https://extension.uned.es/actividad/44345,"Online del 7 de mayo al 12 de junio de 2025 Online Cómo escribir una novela: iniciación Tudela Extensión universitaria créditos 0.5 Imprimir PDF

A escribir se aprende escribiendo, o eso dicen, pero siempre es mejor tener las herramientas necesarias, las técnicas esenciales para abordar la escritura.

A ningún estudiante de música principiante se le da un pentagrama en blanco y se le dice: “crea música” o interpreta a Schubert, primero se le dota de las técnicas y conocimientos necesarios y después serán ellos con sus herramientas los que se lanzarán al mundo de la composición o la interpretación.

Lo mismo debería ocurrir con la escritura. Seguramente todos tengamos una historia que contar, pero esa historia se tiene que plasmar en un papel y eso requiere de dedicación y conocimientos. Escribir es una tarea de fondo, nunca un sprint.

Este curso está planteado como una aproximación a la escritura de una novela. Un primer acercamiento a los elementos básicos indispensables a la hora de escribir una novela: por dónde empezar, los elementos esenciales e imprescindibles que toda novela debe tener como los personajes, argumento, trama, escenarios, el narrador y la forma que le queremos dar.

El curso podrá seguirse de manera ONLINE, tanto en directo (PLAZAS LIMITADAS) como en diferido."
