title,link
Cómo escribir una novela con el método de las 30 escenas,https://gabriellaliteraria.com/30-escenas/
Cómo escribir una novela paso a paso,https://www.jimenaferlibro.com/post/c%C3%B3mo-escribir-una-novela-paso-a-paso
cómo escribir una novela coral – Amaya Blanco – Talleres de ...,https://amayablanco.es/novela-coral/
"Cómo escribir una novela, según 10 buenos novelistas",https://www.esquire.com/es/actualidad/libros/a35439166/como-escribir-novela/
Todos los consejos más prácticos sobre cómo escribir una novela ...,https://www.reddit.com/r/writing/comments/1j38u8n/all_the_most_actionable_advice_on_writing_a_novel/?tl=es-419
Escribir novela | Editorial Páginas de Espuma,https://paginasdeespuma.com/libro/escribir-novela-manual-para-novelistas/
Cómo escribir una novela paso a paso y de forma divertida | Literautas,https://www.literautas.com/es/blog/como-escribir-una-novela-paso-a-paso-y-de-forma-divertida/
ᐈ Cómo empezar a escribir una novela,https://www.letraminuscula.com/como-empezar-a-escribir-una-novela/
Cómo configurar Word para escribir nuestra novela - Abril Camino,https://abrilcamino.com/como-configurar-word-para-escribir-nuestra-novela/
Cómo escribir una novela: iniciación | Extensión Universitaria en ...,https://extension.uned.es/actividad/44345
